{
  "type": "FeatureCollection",
  "features": [
    {
      "type": "Feature",
      "properties": {
        "name": "Kingston upon Thames",
        "gss_code": "E09000021"
      },
      "geometry": {
        "type": "Polygon",
        "coordinates": [
          [
            [
              -0.3306732175232796,
              51.32901272071249
            ],
            [
              -0.3291204553352827,
              51.33026752315403
            ],
            [
              -0.32897361896367633,
              51.34022917747049
            ],
            [
              -0.32748667464167563,
              51.344002809517605
            ],
            [
              -0.3305282436268153,
              51.34841657060596
            ],
            [
              -0.32805205360367856,
              51.35214013339809
            ],
            [
              -0.32374681460122645,
              51.35441666676512
            ],
            [
              -0.3199512227109103,
              51.35963191799628
            ],
            [
              -0.31828663851917427,
              51.363510791477246
            ],
            [
              -0.31695069378673896,
              51.372915766814636
            ],
            [
              -0.31434427249694846,
              51.374640829644676
            ],
            [
              -0.3086965189032753,
              51.375449698940784
            ],
            [
              -0.30738115534512295,
              51.37838924208141
            ],
            [
              -0.3092738660249375,
              51.38044887622802
            ],
            [
              -0.3117327142023273,
              51.38743553446253
            ],
            [
              -0.3131904266725897,
              51.38883237938821
            ],
            [
              -0.31597967585445236,
              51.387631533913996
            ],
            [
              -0.3168216215478551,
              51.38857884991397
            ],
            [
              -0.31413107184044126,
              51.39022176753283
            ],
            [
              -0.31771308303328105,
              51.3936634135544
            ],
            [
              -0.30907574858634274,
              51.40102983857348
            ],
            [
              -0.3084590786212188,
              51.414626548658354
            ],
            [
              -0.3060288635296621,
              51.42123687711772
            ],
            [
              -0.3085880464750339,
              51.42515857408226
            ],
            [
              -0.3144722137076775,
              51.42825580298916
            ],
            [
              -0.31067253492273655,
              51.43221173068361
            ],
            [
              -0.30695068749539656,
              51.430152719625966
            ],
            [
              -0.3059421603860098,
              51.43136112060864
            ],
            [
              -0.30177737171399655,
              51.4303926196683
            ],
            [
              -0.30162368939420936,
              51.43143351680303
            ],
            [
              -0.2954634991413144,
              51.42764820141085
            ],
            [
              -0.294788476821065,
              51.42646037123403
            ],
            [
              -0.2934056411430132,
              51.42651218543675
            ],
            [
              -0.2930276826133929,
              51.428934645932365
            ],
            [
              -0.29063768134123164,
              51.428989741474474
            ],
            [
              -0.2866231407800943,
              51.42017246220089
            ],
            [
              -0.28046187445889964,
              51.42185375164436
            ],
            [
              -0.27096641562167384,
              51.42954651607753
            ],
            [
              -0.25408478381745553,
              51.43729060587158
            ],
            [
              -0.2510233088461928,
              51.4334411434478
            ],
            [
              -0.25422058344229814,
              51.42957707011334
            ],
            [
              -0.25226689873844216,
              51.42573513488742
            ],
            [
              -0.2529529742165658,
              51.423209476240146
            ],
            [
              -0.25091796583224907,
              51.42188420424802
            ],
            [
              -0.24750340475371352,
              51.40849728453411
            ],
            [
              -0.24535802168091872,
              51.407071340009864
            ],
            [
              -0.24469043582834615,
              51.40422869234858
            ],
            [
              -0.24741756675511636,
              51.397579054907155
            ],
            [
              -0.24459674865447367,
              51.39465921579899
            ],
            [
              -0.24169462847799955,
              51.39386932282813
            ],
            [
              -0.23874472364584665,
              51.38609141215044
            ],
            [
              -0.2429328528895171,
              51.382934949083236
            ],
            [
              -0.24417612611883643,
              51.38349314083823
            ],
            [
              -0.24505568968009372,
              51.380035184274966
            ],
            [
              -0.24791024339258605,
              51.38016783096059
            ],
            [
              -0.2539699132518445,
              51.37877451480721
            ],
            [
              -0.2611664700497303,
              51.37960094224862
            ],
            [
              -0.26470810384733084,
              51.375624781783095
            ],
            [
              -0.2721968702271229,
              51.372498136140045
            ],
            [
              -0.276588034314877,
              51.368812914775255
            ],
            [
              -0.2801656763297577,
              51.3676514923818
            ],
            [
              -0.28815290591828346,
              51.36226502734726
            ],
            [
              -0.2851038616604305,
              51.361213268018496
            ],
            [
              -0.2911087426995848,
              51.35656193656827
            ],
            [
              -0.29293057438583275,
              51.35237098639156
            ],
            [
              -0.2991965766900803,
              51.348370513620395
            ],
            [
              -0.30390900295768725,
              51.34325013078893
            ],
            [
              -0.305883619275163,
              51.33525733261091
            ],
            [
              -0.31930598728143783,
              51.327807017225346
            ],
            [
              -0.32759912100287025,
              51.32631605955022
            ],
            [
              -0.3301388839147151,
              51.327521331088455
            ],
            [
              -0.3306732175232796,
              51.32901272071249
            ]
          ]
        ]
      }
    },
    {
      "type": "Feature",
      "properties": {
        "name": "Croydon",
        "gss_code": "E09000008"
      },
      "geometry": {
        "type": "Polygon",
        "coordinates": [
          [
            [
              -0.06402395270908863,
              51.318640397333326
            ],
            [
              -0.07005515166586361,
              51.3188928318417
            ],
            [
              -0.07104781778424658,
              51.32122934370645
            ],
            [
              -0.0789450085943853,
              51.31976742836811
            ],
            [
              -0.0788570900274949,
              51.31809331687149
            ],
            [
              -0.08483349529307738,
              51.31587105958199
            ],
            [
              -0.08191280811922254,
              51.31261280825452
            ],
            [
              -0.08196582971945919,
              51.31065323515039
            ],
            [
              -0.08885217734644134,
              51.3072226510365
            ],
            [
              -0.08866265352306867,
              51.30522314452892
            ],
            [
              -0.09119185838621674,
              51.3033938903064
            ],
            [
              -0.09119996454045316,
              51.30146955179908
            ],
            [
              -0.09442014293058491,
              51.30061372655989
            ],
            [
              -0.09574670357963005,
              51.30148962976188
            ],
            [
              -0.09739773137307783,
              51.301111791735934
            ],
            [
              -0.09695156910805064,
              51.30010633462356
            ],
            [
              -0.09435756431433223,
              51.29935370860394
            ],
            [
              -0.1110741323814512,
              51.29225046116898
            ],
            [
              -0.11485296354101969,
              51.29243726694116
            ],
            [
              -0.11779643337683332,
              51.28709791250165
            ],
            [
              -0.12432098718575504,
              51.28676197688388
            ],
            [
              -0.13055922845633217,
              51.29312076235288
            ],
            [
              -0.1311376666538652,
              51.295477122901886
            ],
            [
              -0.13446244729321577,
              51.298380867053964
            ],
            [
              -0.13636053858186364,
              51.29826720925246
            ],
            [
              -0.13733455779901477,
              51.30078270855732
            ],
            [
              -0.14088450192927807,
              51.29955315766085
            ],
            [
              -0.14286121602788238,
              51.29998021055922
            ],
            [
              -0.14358423208298812,
              51.30125966058976
            ],
            [
              -0.14565035514690725,
              51.29982657470898
            ],
            [
              -0.14848390646872497,
              51.30070774591081
            ],
            [
              -0.14983813189365655,
              51.30020757056411
            ],
            [
              -0.1533798594976029,
              51.30167534883739
            ],
            [
              -0.15534692367437547,
              51.30127470130563
            ],
            [
              -0.15775961098410712,
              51.30443318063365
            ],
            [
              -0.15453680469790593,
              51.3064507701263
            ],
            [
              -0.15719504085572644,
              51.30670846170101
            ],
            [
              -0.15433838528535215,
              51.31032352861661
            ],
            [
              -0.15835794779116064,
              51.31098933024243
            ],
            [
              -0.15719996993643265,
              51.31339016674799
            ],
            [
              -0.15960544196488152,
              51.31710603522469
            ],
            [
              -0.16121020847595818,
              51.31752692573468
            ],
            [
              -0.1619013102311026,
              51.31962409394501
            ],
            [
              -0.152724233478939,
              51.32300485247323
            ],
            [
              -0.15059059020903204,
              51.32217082147777
            ],
            [
              -0.14558539372520574,
              51.32350353489287
            ],
            [
              -0.1444605804725798,
              51.3264803081059
            ],
            [
              -0.1493346781910112,
              51.328769649768205
            ],
            [
              -0.1440616286961535,
              51.33067360436609
            ],
            [
              -0.14561269253790796,
              51.33243377497887
            ],
            [
              -0.14755335103409253,
              51.33877739291782
            ],
            [
              -0.14452376584618193,
              51.33949382044691
            ],
            [
              -0.14346110352737898,
              51.34056510285455
            ],
            [
              -0.14459106737960922,
              51.3420937886176
            ],
            [
              -0.13672961492831173,
              51.34475674200538
            ],
            [
              -0.13251213146265006,
              51.34430288653059
            ],
            [
              -0.13289696575373147,
              51.345433115179056
            ],
            [
              -0.1311289909075512,
              51.34547686131724
            ],
            [
              -0.1314371086284024,
              51.34602134203148
            ],
            [
              -0.12898740634672193,
              51.346584750675255
            ],
            [
              -0.1283778757260103,
              51.34744730931194
            ],
            [
              -0.12734017407029655,
              51.34718791909606
            ],
            [
              -0.12686069853262055,
              51.34486012204877
            ],
            [
              -0.11691629324393026,
              51.34575282001535
            ],
            [
              -0.12142348119956886,
              51.35773159824962
            ],
            [
              -0.12419335714755227,
              51.357434261894866
            ],
            [
              -0.12457217579552576,
              51.35835758685874
            ],
            [
              -0.12470951605644671,
              51.35886337893624
            ],
            [
              -0.1218574749412052,
              51.35906049043291
            ],
            [
              -0.12292858034857994,
              51.35991398343432
            ],
            [
              -0.12183396625823341,
              51.359986365745236
            ],
            [
              -0.12092237250667236,
              51.363308052292695
            ],
            [
              -0.1213092869175372,
              51.36473511003835
            ],
            [
              -0.12405979034076488,
              51.36527378795388
            ],
            [
              -0.12209452706246395,
              51.366258479280646
            ],
            [
              -0.12473690844808402,
              51.37366584697836
            ],
            [
              -0.1278536816035906,
              51.37474985662522
            ],
            [
              -0.12583578765402909,
              51.37560787216511
            ],
            [
              -0.12807891886636866,
              51.38049979613636
            ],
            [
              -0.13030782053756118,
              51.38222601428432
            ],
            [
              -0.12865851481357654,
              51.38249644220244
            ],
            [
              -0.1295362440636838,
              51.38528920164234
            ],
            [
              -0.12875963803086518,
              51.38565449443905
            ],
            [
              -0.1306607838327057,
              51.386260374147675
            ],
            [
              -0.1294876482831337,
              51.38718588439842
            ],
            [
              -0.13439687740157674,
              51.39087022084312
            ],
            [
              -0.12875666196083219,
              51.393478087918496
            ],
            [
              -0.1296837903478698,
              51.39365475860799
            ],
            [
              -0.12414584463501145,
              51.397612941224864
            ],
            [
              -0.1312851743228624,
              51.40409382644355
            ],
            [
              -0.1320847918877832,
              51.40916944461054
            ],
            [
              -0.12947986654884205,
              51.4095775279441
            ],
            [
              -0.1277573524666984,
              51.4123197613163
            ],
            [
              -0.12578894604322993,
              51.41263001887445
            ],
            [
              -0.12406862067447655,
              51.41460785746798
            ],
            [
              -0.12248370880181059,
              51.4150321100335
            ],
            [
              -0.1198410631472805,
              51.418802632665546
            ],
            [
              -0.11571215669144498,
              51.42057981730651
            ],
            [
              -0.11268255949812593,
              51.42324685382964
            ],
            [
              -0.10605073135866618,
              51.42257333388283
            ],
            [
              -0.09391599854254894,
              51.422799264489115
            ],
            [
              -0.08642424618687243,
              51.419304921247296
            ],
            [
              -0.07845051804979128,
              51.419785958830666
            ],
            [
              -0.0810855260828724,
              51.417311175259044
            ],
            [
              -0.08076567932169658,
              51.4160199803692
            ],
            [
              -0.07275115060929574,
              51.412696038042846
            ],
            [
              -0.07329936091951998,
              51.409233860528744
            ],
            [
              -0.06824963726489286,
              51.40349429516863
            ],
            [
              -0.06464399126902627,
              51.40171718481544
            ],
            [
              -0.06217893922850972,
              51.40153256119902
            ],
            [
              -0.060584378633050724,
              51.39912310044045
            ],
            [
              -0.05299505024055267,
              51.40146125789226
            ],
            [
              -0.05066051313728385,
              51.39956094164924
            ],
            [
              -0.052137750411262944,
              51.39829054938683
            ],
            [
              -0.050353481825187986,
              51.3979910916838
            ],
            [
              -0.05351703838681681,
              51.39492319649259
            ],
            [
              -0.051719720608445,
              51.39358038021061
            ],
            [
              -0.047761067692367244,
              51.39303787216373
            ],
            [
              -0.04276827583380262,
              51.38944738983468
            ],
            [
              -0.036529355947175095,
              51.38846170906281
            ],
            [
              -0.03790286542812492,
              51.38323292278542
            ],
            [
              -0.03634481190742089,
              51.37900717727962
            ],
            [
              -0.03694749952540956,
              51.377011880154214
            ],
            [
              -0.0298356184852435,
              51.3773241511053
            ],
            [
              -0.02803805722278979,
              51.37936225709753
            ],
            [
              -0.02681593442637909,
              51.37937765118027
            ],
            [
              -0.023589242275484635,
              51.37221892395512
            ],
            [
              -0.023123817072089322,
              51.367013208808324
            ],
            [
              -0.024498451099867268,
              51.366784599044486
            ],
            [
              -0.023796015033951158,
              51.365414831489474
            ],
            [
              -0.022267411328965016,
              51.36588364029678
            ],
            [
              -0.015646039243152672,
              51.35887413977607
            ],
            [
              -0.013118493494747963,
              51.35720358486931
            ],
            [
              -0.008682622658684521,
              51.35582429019664
            ],
            [
              -0.00532931900639727,
              51.35267368213055
            ],
            [
              0.0008480577846840962,
              51.33359328926349
            ],
            [
              0.0032834002011681495,
              51.332157752893934
            ],
            [
              0.002261701942614247,
              51.32913561731676
            ],
            [
              -0.0005385863836178173,
              51.32877878095543
            ],
            [
              -0.007143799594617172,
              51.333693586183855
            ],
            [
              -0.008757030622054948,
              51.333900885170344
            ],
            [
              -0.011025979179226379,
              51.333552747107504
            ],
            [
              -0.014360525625639543,
              51.3298053342616
            ],
            [
              -0.022085148711211224,
              51.338101599559714
            ],
            [
              -0.02598484302831317,
              51.33856308116057
            ],
            [
              -0.03279538088549596,
              51.337436658684176
            ],
            [
              -0.037924275638192374,
              51.33870076191852
            ],
            [
              -0.04199465079090326,
              51.33381381413255
            ],
            [
              -0.05028473421483153,
              51.3326391640363
            ],
            [
              -0.05110728724521751,
              51.33084529039721
            ],
            [
              -0.04877153195716926,
              51.32872005215786
            ],
            [
              -0.04790003405195172,
              51.32524327343921
            ],
            [
              -0.049793693015241676,
              51.325265831692725
            ],
            [
              -0.05133402588043802,
              51.32244972633922
            ],
            [
              -0.054915049480801545,
              51.32125925307209
            ],
            [
              -0.05627552852935549,
              51.32166853619039
            ],
            [
              -0.06402395270908863,
              51.318640397333326
            ]
          ]
        ]
      }
    },
    {
      "type": "Feature",
      "properties": {
        "name": "Bromley",
        "gss_code": "E09000006"
      },
      "geometry": {
        "type": "Polygon",
        "coordinates": [
          [
            [
              0.012136556701951781,
              51.29959536060192
            ],
            [
              0.008360341333892666,
              51.31036182839728
            ],
            [
              0.010320288324063492,
              51.316137644632626
            ],
            [
              0.006553712010026242,
              51.31565368026118
            ],
            [
              0.0022264997052535555,
              51.32931607771368
            ],
            [
              0.0032834002011681495,
              51.332157752893934
            ],
            [
              0.0008480577846840962,
              51.33359328926349
            ],
            [
              -0.005383601425007197,
              51.35274654961182
            ],
            [
              -0.008682622658684521,
              51.35582429019664
            ],
            [
              -0.013118493494747963,
              51.35720358486931
            ],
            [
              -0.015646039243152672,
              51.35887413977607
            ],
            [
              -0.022267411328965016,
              51.36588364029678
            ],
            [
              -0.023796015033951158,
              51.365414831489474
            ],
            [
              -0.024498451099867268,
              51.366784599044486
            ],
            [
              -0.023123817072089322,
              51.367013208808324
            ],
            [
              -0.023589242275484635,
              51.37221892395512
            ],
            [
              -0.02681593442637909,
              51.37937765118027
            ],
            [
              -0.02803805722278979,
              51.37936225709753
            ],
            [
              -0.0298356184852435,
              51.3773241511053
            ],
            [
              -0.03694749952540956,
              51.377011880154214
            ],
            [
              -0.03634481190742089,
              51.37900717727962
            ],
            [
              -0.03790286542812492,
              51.38323292278542
            ],
            [
              -0.036529355947175095,
              51.38846170906281
            ],
            [
              -0.04276827583380262,
              51.38944738983468
            ],
            [
              -0.047761067692367244,
              51.39303787216373
            ],
            [
              -0.051719720608445,
              51.39358038021061
            ],
            [
              -0.05351703838681681,
              51.39492319649259
            ],
            [
              -0.050353481825187986,
              51.3979910916838
            ],
            [
              -0.052137750411262944,
              51.39829054938683
            ],
            [
              -0.05066051313728385,
              51.39956094164924
            ],
            [
              -0.05299505024055267,
              51.40146125789226
            ],
            [
              -0.060584378633050724,
              51.39912310044045
            ],
            [
              -0.06217893922850972,
              51.40153256119902
            ],
            [
              -0.06464399126902627,
              51.40171718481544
            ],
            [
              -0.06824963726489286,
              51.40349429516863
            ],
            [
              -0.07329936091951998,
              51.409233860528744
            ],
            [
              -0.07275115060929574,
              51.412696038042846
            ],
            [
              -0.0804826970206396,
              51.41556571019006
            ],
            [
              -0.08110479071397425,
              51.41719458549739
            ],
            [
              -0.0749356479241431,
              51.42573540449847
            ],
            [
              -0.07222187051679159,
              51.42630230255377
            ],
            [
              -0.06790794597112768,
              51.42592551394469
            ],
            [
              -0.06605977242348776,
              51.4250677020986
            ],
            [
              -0.06260194453972567,
              51.42519944000278
            ],
            [
              -0.05812793911632719,
              51.423173974963724
            ],
            [
              -0.0518104843101709,
              51.42358171554413
            ],
            [
              -0.05176933944525178,
              51.42251988898255
            ],
            [
              -0.04723846139875936,
              51.422858148155086
            ],
            [
              -0.04628137431987722,
              51.422365581813274
            ],
            [
              -0.04106593900874102,
              51.42424793359172
            ],
            [
              -0.03847465390682826,
              51.42396178813861
            ],
            [
              -0.0374813237260744,
              51.4249883175604
            ],
            [
              -0.031825660872706385,
              51.424713620513025
            ],
            [
              -0.03199176284378317,
              51.42553475050888
            ],
            [
              -0.030244752826638056,
              51.42568525675173
            ],
            [
              -0.020942187739395275,
              51.42092424109533
            ],
            [
              -0.022186936799517765,
              51.416745628692375
            ],
            [
              -0.017843710936079744,
              51.415745990924364
            ],
            [
              -0.017988609419432082,
              51.415055997256545
            ],
            [
              -0.01414693167227331,
              51.41509887319365
            ],
            [
              -0.014557598191709898,
              51.4139187832888
            ],
            [
              -0.013507430862956263,
              51.41359523116588
            ],
            [
              -0.010546756451400689,
              51.41355399856595
            ],
            [
              -0.006630337228925459,
              51.41465650871984
            ],
            [
              -0.006572088440439499,
              51.41599544487007
            ],
            [
              -0.004993654458420365,
              51.41459268589863
            ],
            [
              -0.0032767834719228685,
              51.41504905648212
            ],
            [
              -0.0034082354153517668,
              51.41566280673897
            ],
            [
              -0.0007510558050089631,
              51.41591426743328
            ],
            [
              -7.138458254228845e-05,
              51.41764727422155
            ],
            [
              0.0017231580072993979,
              51.41856087979097
            ],
            [
              0.0034992502557896882,
              51.41740642810299
            ],
            [
              0.005676170173994616,
              51.418511277515805
            ],
            [
              0.005222535446242096,
              51.4193194003722
            ],
            [
              0.008075516578110349,
              51.42304752858511
            ],
            [
              0.009963875263248623,
              51.42248458143069
            ],
            [
              0.01439981973553814,
              51.425232160619316
            ],
            [
              0.01411031772554188,
              51.42617238850716
            ],
            [
              0.021130968625095538,
              51.426842891215166
            ],
            [
              0.025411999313852504,
              51.42899021088529
            ],
            [
              0.03618013694981559,
              51.42236475135028
            ],
            [
              0.03903010421207553,
              51.424671324249076
            ],
            [
              0.037704259363820734,
              51.43334549129243
            ],
            [
              0.033703357234287364,
              51.43169735387151
            ],
            [
              0.03158329318310351,
              51.43255246939282
            ],
            [
              0.031146065121393538,
              51.432101413593294
            ],
            [
              0.02858452027949967,
              51.434034269702344
            ],
            [
              0.028675645850353555,
              51.43641578833693
            ],
            [
              0.025377451709175037,
              51.43569045473399
            ],
            [
              0.02488351441689356,
              51.437209781016186
            ],
            [
              0.024785043815306697,
              51.43823666210832
            ],
            [
              0.028809519789721832,
              51.43878757335427
            ],
            [
              0.028581245634900637,
              51.44045519402776
            ],
            [
              0.030579888657027893,
              51.44431447149339
            ],
            [
              0.041956564327356186,
              51.43965639160653
            ],
            [
              0.05858936985132959,
              51.42459017672454
            ],
            [
              0.06089855042783454,
              51.425080170594136
            ],
            [
              0.06171545934607797,
              51.42373485720719
            ],
            [
              0.06320374914594445,
              51.42420327282671
            ],
            [
              0.07193700202691876,
              51.4296517599256
            ],
            [
              0.0733279449998305,
              51.43177645854814
            ],
            [
              0.07483894443572003,
              51.43083244468954
            ],
            [
              0.07533750710546598,
              51.4319926913768
            ],
            [
              0.08290340036521415,
              51.43005989387519
            ],
            [
              0.09296606007011525,
              51.421391315347286
            ],
            [
              0.10700725526975018,
              51.41426010212702
            ],
            [
              0.1131001803676782,
              51.41290936029086
            ],
            [
              0.12015735132396416,
              51.41344736372694
            ],
            [
              0.12539689297226642,
              51.41479132012842
            ],
            [
              0.12978374362529446,
              51.414801599382606
            ],
            [
              0.13432572219156577,
              51.413819661462234
            ],
            [
              0.14887372517153785,
              51.40848172340405
            ],
            [
              0.15521897362877585,
              51.40397659233121
            ],
            [
              0.15896149460616105,
              51.395822959604
            ],
            [
              0.16235495301294625,
              51.392486911122
            ],
            [
              0.1477219427329338,
              51.392801041673
            ],
            [
              0.1475049342297783,
              51.39215752201104
            ],
            [
              0.14981655563386534,
              51.39087408921142
            ],
            [
              0.1486206580537463,
              51.388665757003004
            ],
            [
              0.1504367974644952,
              51.386015461957975
            ],
            [
              0.14958404649198034,
              51.38008671396998
            ],
            [
              0.15111280604364358,
              51.3798967770036
            ],
            [
              0.1509452447591507,
              51.379081486729156
            ],
            [
              0.1532096534718368,
              51.37803266561446
            ],
            [
              0.15250339966817864,
              51.375230820373964
            ],
            [
              0.15170826641774507,
              51.37543428255336
            ],
            [
              0.14958118800602058,
              51.3735847940755
            ],
            [
              0.15118249318281868,
              51.372188454123766
            ],
            [
              0.15009595005784246,
              51.37015798647537
            ],
            [
              0.15202803731200154,
              51.36969083933391
            ],
            [
              0.1514877645088983,
              51.36827986068198
            ],
            [
              0.14941718518489178,
              51.36916322134782
            ],
            [
              0.14721710474369587,
              51.366973294173874
            ],
            [
              0.1483237548948871,
              51.36636845378997
            ],
            [
              0.14448922295179414,
              51.361168788329
            ],
            [
              0.14536957027468997,
              51.36033429819969
            ],
            [
              0.14482130422816977,
              51.3584378098524
            ],
            [
              0.1458740853736723,
              51.35822067901724
            ],
            [
              0.14508411556846942,
              51.35576205616269
            ],
            [
              0.14259456729430256,
              51.35073553453135
            ],
            [
              0.14095854638339905,
              51.350144930957626
            ],
            [
              0.14124615725405557,
              51.349537137214604
            ],
            [
              0.1386823260260103,
              51.34752457031515
            ],
            [
              0.13941809083009254,
              51.346980540758615
            ],
            [
              0.13616705614247082,
              51.3459337366726
            ],
            [
              0.13693247913938758,
              51.34417511689345
            ],
            [
              0.1317528457166941,
              51.34550156374245
            ],
            [
              0.12519279344428247,
              51.34586360030643
            ],
            [
              0.11842169888465512,
              51.3441426988341
            ],
            [
              0.11665401524589786,
              51.34130587758745
            ],
            [
              0.11725873173875702,
              51.339784113573856
            ],
            [
              0.11844505237471481,
              51.33997849311938
            ],
            [
              0.11998390691101159,
              51.334743663981534
            ],
            [
              0.12165545641582724,
              51.33363422350412
            ],
            [
              0.11787000464920254,
              51.330618124652766
            ],
            [
              0.11786914217681546,
              51.32966487508216
            ],
            [
              0.11570860410763688,
              51.32950608297076
            ],
            [
              0.1141763552490996,
              51.327402400328715
            ],
            [
              0.11012872910577788,
              51.32803297859182
            ],
            [
              0.10973657275966073,
              51.326682092362255
            ],
            [
              0.10487513732871778,
              51.32740808581066
            ],
            [
              0.10321735225758377,
              51.32599898440724
            ],
            [
              0.10075828302337832,
              51.325584480695845
            ],
            [
              0.10014391424513094,
              51.32407567514701
            ],
            [
              0.09615620542456574,
              51.3212963305339
            ],
            [
              0.08775363664673116,
              51.31830787495793
            ],
            [
              0.08499485813553917,
              51.316018840307954
            ],
            [
              0.08504077615002419,
              51.31260066458075
            ],
            [
              0.08354080780123466,
              51.310531985438075
            ],
            [
              0.08484418819079478,
              51.306048228839174
            ],
            [
              0.08278815297783362,
              51.3056351696443
            ],
            [
              0.08631392513499306,
              51.300176556379355
            ],
            [
              0.09115389494024266,
              51.29682571960209
            ],
            [
              0.0859576488184627,
              51.29326723220957
            ],
            [
              0.08150340590864705,
              51.29182668498604
            ],
            [
              0.07334651349252708,
              51.29160271743882
            ],
            [
              0.058487208553181645,
              51.28935588124811
            ],
            [
              0.056026984052710414,
              51.29239379912311
            ],
            [
              0.05436397826554989,
              51.29209025130773
            ],
            [
              0.050762390850696636,
              51.29398797639641
            ],
            [
              0.04569984651012636,
              51.2940046042955
            ],
            [
              0.0423706285138686,
              51.292677805860805
            ],
            [
              0.04426793325776462,
              51.298580085577576
            ],
            [
              0.043069901534401864,
              51.29905964219116
            ],
            [
              0.042278961729238576,
              51.30192422726874
            ],
            [
              0.03288566864477277,
              51.307519472449655
            ],
            [
              0.024815684184916878,
              51.30215560159335
            ],
            [
              0.020921406936987644,
              51.29678212708662
            ],
            [
              0.01907697771699171,
              51.29168794404798
            ],
            [
              0.01497920852342615,
              51.29178552389795
            ],
            [
              0.012136556701951781,
              51.29959536060192
            ]
          ]
        ]
      }
    },
    {
      "type": "Feature",
      "properties": {
        "name": "Hounslow",
        "gss_code": "E09000018"
      },
      "geometry": {
        "type": "Polygon",
        "coordinates": [
          [
            [
              -0.42210350389585005,
              51.466559530493086
            ],
            [
              -0.4111472567476806,
              51.4698826060172
            ],
            [
              -0.41584197618881485,
              51.474010631707486
            ],
            [
              -0.41497039425632737,
              51.47672351176667
            ],
            [
              -0.41687453145937076,
              51.482450327147525
            ],
            [
              -0.41264359112933063,
              51.48857980842612
            ],
            [
              -0.4108857693080806,
              51.49771011197456
            ],
            [
              -0.40928241558566014,
              51.500314111852035
            ],
            [
              -0.38710615237753704,
              51.494687832006434
            ],
            [
              -0.38334044834222486,
              51.49485179971122
            ],
            [
              -0.37789054644760856,
              51.496601982617605
            ],
            [
              -0.37788818725246076,
              51.49545093858594
            ],
            [
              -0.37584417783849383,
              51.4954046661909
            ],
            [
              -0.37187117317072294,
              51.49046676838326
            ],
            [
              -0.365387736971925,
              51.49332605502801
            ],
            [
              -0.3630037743610469,
              51.49593653842638
            ],
            [
              -0.35802493858186984,
              51.49778229892241
            ],
            [
              -0.3505428886935147,
              51.49911608037026
            ],
            [
              -0.34211106753066434,
              51.496038725387834
            ],
            [
              -0.33470024395672904,
              51.49620350225053
            ],
            [
              -0.32997298721592044,
              51.49507518978523
            ],
            [
              -0.3274167409223244,
              51.496036910561564
            ],
            [
              -0.3261570671280665,
              51.4950297830141
            ],
            [
              -0.3247526431981341,
              51.49600787925623
            ],
            [
              -0.31921435918604707,
              51.49422009552117
            ],
            [
              -0.3157956698268876,
              51.495906572699134
            ],
            [
              -0.3144697591650572,
              51.49435882638006
            ],
            [
              -0.31510379118241766,
              51.493963281486074
            ],
            [
              -0.31192188559264883,
              51.49196618576193
            ],
            [
              -0.30544522664862017,
              51.49453451901644
            ],
            [
              -0.305845323900815,
              51.496176907157405
            ],
            [
              -0.30135723280603843,
              51.49522174625648
            ],
            [
              -0.3011134029680424,
              51.49441789470998
            ],
            [
              -0.2975520658209063,
              51.49488780840444
            ],
            [
              -0.30071394642467014,
              51.49934890993747
            ],
            [
              -0.2940470989728901,
              51.501563161815746
            ],
            [
              -0.2857343349195348,
              51.50077652015963
            ],
            [
              -0.28078633168669787,
              51.502853269919115
            ],
            [
              -0.2767417273446921,
              51.49854052012588
            ],
            [
              -0.27129631431475054,
              51.49471954988128
            ],
            [
              -0.26891739723157043,
              51.49401003050277
            ],
            [
              -0.25544154397509866,
              51.49493439369705
            ],
            [
              -0.25550560416550433,
              51.49627521475698
            ],
            [
              -0.25278809744468156,
              51.49990366125887
            ],
            [
              -0.25309103837227603,
              51.50140091221974
            ],
            [
              -0.24922748923276114,
              51.49694601540402
            ],
            [
              -0.245296671425054,
              51.49838900170579
            ],
            [
              -0.24442051639867024,
              51.49794425389129
            ],
            [
              -0.24561275670722205,
              51.49015667724448
            ],
            [
              -0.24343716637635127,
              51.487920965876135
            ],
            [
              -0.2492073352427516,
              51.48431136808719
            ],
            [
              -0.25190661363919176,
              51.47473872961263
            ],
            [
              -0.2564204149881914,
              51.47154168154259
            ],
            [
              -0.2621631759481055,
              51.47084459429886
            ],
            [
              -0.2680601158446019,
              51.472154814643936
            ],
            [
              -0.2725528124582779,
              51.47519757812363
            ],
            [
              -0.27669742795227253,
              51.48176007176225
            ],
            [
              -0.2794361021198145,
              51.48399443123469
            ],
            [
              -0.28469816997767905,
              51.48654442511128
            ],
            [
              -0.2921164656915143,
              51.48730014799387
            ],
            [
              -0.2969882772230168,
              51.48566244651835
            ],
            [
              -0.3069975287426345,
              51.47557405699834
            ],
            [
              -0.3186305411043245,
              51.47093051827053
            ],
            [
              -0.3207484440545647,
              51.46540358103654
            ],
            [
              -0.32380881062360317,
              51.46517759952233
            ],
            [
              -0.3266696258397041,
              51.46174740521519
            ],
            [
              -0.32556449004944665,
              51.4581166909644
            ],
            [
              -0.32691378320505293,
              51.45703888240592
            ],
            [
              -0.32840624761673953,
              51.457950416188
            ],
            [
              -0.330366459192385,
              51.457879430794534
            ],
            [
              -0.33303304429331,
              51.45540850061335
            ],
            [
              -0.33629017921999427,
              51.45568856712046
            ],
            [
              -0.33697642310431014,
              51.45462821033978
            ],
            [
              -0.3406232038115058,
              51.45726069159123
            ],
            [
              -0.3401339392023271,
              51.459241079340586
            ],
            [
              -0.34870181267714484,
              51.4567632692222
            ],
            [
              -0.3528438543862006,
              51.45685750247331
            ],
            [
              -0.353458422195281,
              51.4581790187068
            ],
            [
              -0.35642976315197894,
              51.45840954804461
            ],
            [
              -0.3650593100838124,
              51.45780181923565
            ],
            [
              -0.3684608037155202,
              51.4568690364768
            ],
            [
              -0.3730453937777265,
              51.45747228369074
            ],
            [
              -0.3837910795875866,
              51.44950981828382
            ],
            [
              -0.38779473394473973,
              51.44943005705009
            ],
            [
              -0.38631243360143175,
              51.448204691194675
            ],
            [
              -0.386263708973301,
              51.446729277214146
            ],
            [
              -0.37978429772244215,
              51.44439182451906
            ],
            [
              -0.37909207596389377,
              51.44280859458271
            ],
            [
              -0.37737861325294764,
              51.442434189417256
            ],
            [
              -0.3728894638817986,
              51.44363989149269
            ],
            [
              -0.3668451609565063,
              51.44164047226884
            ],
            [
              -0.37789467485089623,
              51.43680312341237
            ],
            [
              -0.376141096450611,
              51.43553789951846
            ],
            [
              -0.3829293124263542,
              51.43234952398867
            ],
            [
              -0.3879047936045467,
              51.42873118619411
            ],
            [
              -0.38714736782882214,
              51.428181225322156
            ],
            [
              -0.38837644297374524,
              51.428000297955236
            ],
            [
              -0.38410511658022983,
              51.422671965472446
            ],
            [
              -0.385395817875136,
              51.42073840632871
            ],
            [
              -0.392764667048499,
              51.42346545124804
            ],
            [
              -0.3913664731676288,
              51.42232222530938
            ],
            [
              -0.39779579398222437,
              51.423552313437796
            ],
            [
              -0.4059388655986292,
              51.42266518508588
            ],
            [
              -0.4084585023667401,
              51.423832459560366
            ],
            [
              -0.4108968963847872,
              51.42734557932994
            ],
            [
              -0.41310894926730635,
              51.42785214018246
            ],
            [
              -0.4124726813396837,
              51.428778728186984
            ],
            [
              -0.41436787425143395,
              51.429298957783445
            ],
            [
              -0.4138231742158769,
              51.43007392174997
            ],
            [
              -0.4179188052082493,
              51.43102850219166
            ],
            [
              -0.41731258931204496,
              51.43191955201562
            ],
            [
              -0.41909572493422226,
              51.43235726006731
            ],
            [
              -0.4214497903071808,
              51.432092236588275
            ],
            [
              -0.42351996873192993,
              51.43087915445428
            ],
            [
              -0.4275069574450082,
              51.43081580496914
            ],
            [
              -0.4278482156619279,
              51.42925571822745
            ],
            [
              -0.42944022139762406,
              51.429393958945795
            ],
            [
              -0.4295615171450402,
              51.42879309845887
            ],
            [
              -0.44000020374357535,
              51.43062303514063
            ],
            [
              -0.43977768489533653,
              51.4346216502386
            ],
            [
              -0.44773492036492446,
              51.43500604555517
            ],
            [
              -0.4463139754196836,
              51.439995929434616
            ],
            [
              -0.4564927138343797,
              51.43810712087343
            ],
            [
              -0.45540771259129925,
              51.442121372597896
            ],
            [
              -0.45746443902600636,
              51.44300271808184
            ],
            [
              -0.45748955015880927,
              51.449090815850376
            ],
            [
              -0.4615080815545635,
              51.44899074814486
            ],
            [
              -0.46133633483689884,
              51.45238756883487
            ],
            [
              -0.45931050043711263,
              51.45271166384704
            ],
            [
              -0.4586565301351829,
              51.45631795606881
            ],
            [
              -0.44942784139110714,
              51.453840301053454
            ],
            [
              -0.4440069260176292,
              51.45326491801241
            ],
            [
              -0.44148262468824073,
              51.4568103152895
            ],
            [
              -0.43506163421404176,
              51.45685068175601
            ],
            [
              -0.4366309778358212,
              51.45768092206214
            ],
            [
              -0.4335987989831817,
              51.46174092999927
            ],
            [
              -0.42210350389585005,
              51.466559530493086
            ]
          ]
        ]
      }
    },
    {
      "type": "Feature",
      "properties": {
        "name": "Ealing",
        "gss_code": "E09000009"
      },
      "geometry": {
        "type": "Polygon",
        "coordinates": [
          [
            [
              -0.3354489853643558,
              51.49621413129584
            ],
            [
              -0.34211106753066434,
              51.496038725387834
            ],
            [
              -0.3509621078170794,
              51.49907701383948
            ],
            [
              -0.35802493858186984,
              51.49778229892241
            ],
            [
              -0.3630037743610469,
              51.49593653842638
            ],
            [
              -0.365387736971925,
              51.49332605502801
            ],
            [
              -0.37187117317072294,
              51.49046676838326
            ],
            [
              -0.37584417783849383,
              51.4954046661909
            ],
            [
              -0.37788818725246076,
              51.49545093858594
            ],
            [
              -0.37789054644760856,
              51.496601982617605
            ],
            [
              -0.38334044834222486,
              51.49485179971122
            ],
            [
              -0.38710615237753704,
              51.494687832006434
            ],
            [
              -0.4069122722045564,
              51.49969744762188
            ],
            [
              -0.40320839885621573,
              51.503441807869564
            ],
            [
              -0.3932928469439731,
              51.50720004412014
            ],
            [
              -0.39001499850387245,
              51.51393525049881
            ],
            [
              -0.3826242186039688,
              51.51793404121744
            ],
            [
              -0.37617838100800666,
              51.524912892995836
            ],
            [
              -0.3761984328309176,
              51.5288068080796
            ],
            [
              -0.38587431079104156,
              51.53037009857373
            ],
            [
              -0.38711397373520073,
              51.52955986387132
            ],
            [
              -0.39234000061584096,
              51.53140306135242
            ],
            [
              -0.41182531686100354,
              51.53408735468886
            ],
            [
              -0.41534389385531256,
              51.53656282182256
            ],
            [
              -0.4175868964329244,
              51.53674596261631
            ],
            [
              -0.4174636398292565,
              51.537805377243195
            ],
            [
              -0.41961410301173124,
              51.53858071421384
            ],
            [
              -0.41816666664492935,
              51.53915469207174
            ],
            [
              -0.41940645700362844,
              51.540412320507116
            ],
            [
              -0.41645794849245477,
              51.54019271919643
            ],
            [
              -0.40485533239242943,
              51.54250839976838
            ],
            [
              -0.39527847853664677,
              51.5425486597459
            ],
            [
              -0.3962408389816338,
              51.54552924073174
            ],
            [
              -0.39788034759919144,
              51.54565954506653
            ],
            [
              -0.39872497097443793,
              51.54789214428476
            ],
            [
              -0.394883276060266,
              51.547632833399355
            ],
            [
              -0.39498789743540985,
              51.54875828772966
            ],
            [
              -0.3852680715239577,
              51.551169719900685
            ],
            [
              -0.37780508036705346,
              51.55498737842125
            ],
            [
              -0.375854144413345,
              51.553063037824906
            ],
            [
              -0.3625351851970598,
              51.55602520035201
            ],
            [
              -0.36243264655351565,
              51.55727368605581
            ],
            [
              -0.3475591432568812,
              51.5596819117178
            ],
            [
              -0.34254701027085727,
              51.557471074372245
            ],
            [
              -0.32797032041482044,
              51.555294971094675
            ],
            [
              -0.3126039712646009,
              51.54915809018574
            ],
            [
              -0.31149488427302213,
              51.54755949517496
            ],
            [
              -0.30712141265279275,
              51.54532034368322
            ],
            [
              -0.30888460664362793,
              51.54521987894301
            ],
            [
              -0.3080051862798406,
              51.544433864076794
            ],
            [
              -0.30856874257138767,
              51.54323702437565
            ],
            [
              -0.3047282754074564,
              51.53986344149555
            ],
            [
              -0.3059700175095303,
              51.53943176324198
            ],
            [
              -0.3062496704919489,
              51.534229263777895
            ],
            [
              -0.3074612696961102,
              51.53305077452305
            ],
            [
              -0.3027285771551139,
              51.531984254220504
            ],
            [
              -0.29659486029634463,
              51.535240491389374
            ],
            [
              -0.29328876181336405,
              51.53496763389923
            ],
            [
              -0.2824796994106123,
              51.53866759132026
            ],
            [
              -0.2777991247298003,
              51.53507398601236
            ],
            [
              -0.2790084143871877,
              51.533212336242364
            ],
            [
              -0.2809500164084536,
              51.53257537116336
            ],
            [
              -0.2815161176351759,
              51.53324010470052
            ],
            [
              -0.2835360335204363,
              51.53282005986067
            ],
            [
              -0.2840431828398565,
              51.533519887681486
            ],
            [
              -0.2893897842647644,
              51.53166462183278
            ],
            [
              -0.28425942043356317,
              51.52891898095366
            ],
            [
              -0.2804727690569312,
              51.528404929005106
            ],
            [
              -0.27146173982072275,
              51.52994507473529
            ],
            [
              -0.2690186823792493,
              51.52973819727961
            ],
            [
              -0.2578047812021531,
              51.53533629035275
            ],
            [
              -0.2560553196282344,
              51.533952452373704
            ],
            [
              -0.2507694899425584,
              51.53417949644895
            ],
            [
              -0.24631125481473903,
              51.53275509015484
            ],
            [
              -0.24699732422174517,
              51.531785176677595
            ],
            [
              -0.2452748639009501,
              51.531210890904184
            ],
            [
              -0.2504743428075491,
              51.52833905416439
            ],
            [
              -0.25028825424204104,
              51.5271762637311
            ],
            [
              -0.25266484014447443,
              51.524594909790174
            ],
            [
              -0.2502979704598671,
              51.52015336770914
            ],
            [
              -0.24909038318319146,
              51.514056499486244
            ],
            [
              -0.24664718651231454,
              51.51125034750564
            ],
            [
              -0.24509115907747023,
              51.50673987107485
            ],
            [
              -0.2465179451279944,
              51.50673423337359
            ],
            [
              -0.24570547563278827,
              51.50462685470863
            ],
            [
              -0.25508323442811676,
              51.50431712712922
            ],
            [
              -0.2533658844956248,
              51.502879758756045
            ],
            [
              -0.2527383687189276,
              51.500073776020045
            ],
            [
              -0.25550560416550433,
              51.49627521475698
            ],
            [
              -0.25544154397509866,
              51.49493439369705
            ],
            [
              -0.27004732995051595,
              51.49422453619311
            ],
            [
              -0.2773014290820678,
              51.498980376731986
            ],
            [
              -0.28078633168669787,
              51.502853269919115
            ],
            [
              -0.2857343349195348,
              51.50077652015963
            ],
            [
              -0.2940470989728901,
              51.501563161815746
            ],
            [
              -0.30071394642467014,
              51.49934890993747
            ],
            [
              -0.2975520658209063,
              51.49488780840444
            ],
            [
              -0.3011134029680424,
              51.49441789470998
            ],
            [
              -0.30135723280603843,
              51.49522174625648
            ],
            [
              -0.305845323900815,
              51.496176907157405
            ],
            [
              -0.30544522664862017,
              51.49453451901644
            ],
            [
              -0.31192188559264883,
              51.49196618576193
            ],
            [
              -0.31510379118241766,
              51.493963281486074
            ],
            [
              -0.3144697591650572,
              51.49435882638006
            ],
            [
              -0.3157956698268876,
              51.495906572699134
            ],
            [
              -0.31921435918604707,
              51.49422009552117
            ],
            [
              -0.3234312579490547,
              51.49589907384635
            ],
            [
              -0.3247526431981341,
              51.49600787925623
            ],
            [
              -0.3261570671280665,
              51.4950297830141
            ],
            [
              -0.3274167409223244,
              51.496036910561564
            ],
            [
              -0.32997298721592044,
              51.49507518978523
            ],
            [
              -0.3354489853643558,
              51.49621413129584
            ]
          ]
        ]
      }
    },
    {
      "type": "Feature",
      "properties": {
        "name": "Havering",
        "gss_code": "E09000016"
      },
      "geometry": {
        "type": "Polygon",
        "coordinates": [
          [
            [
              0.21052535830156438,
              51.49024158685829
            ],
            [
              0.2103141395313981,
              51.485874980776074
            ],
            [
              0.19555508419078127,
              51.484182836473536
            ],
            [
              0.18613265240650498,
              51.485033379998455
            ],
            [
              0.18214881053156945,
              51.486969134994816
            ],
            [
              0.17956489036871925,
              51.48957119234711
            ],
            [
              0.17571578772802443,
              51.49979569301031
            ],
            [
              0.1725855459325445,
              51.503657733956175
            ],
            [
              0.16690482457862663,
              51.50692834685985
            ],
            [
              0.15786979942928067,
              51.50876762973436
            ],
            [
              0.15964921319169081,
              51.515920183505074
            ],
            [
              0.16544593203238886,
              51.52843029394537
            ],
            [
              0.17076351906535986,
              51.53262159400636
            ],
            [
              0.17391372513895942,
              51.53760824776759
            ],
            [
              0.1792496518376241,
              51.54033299240604
            ],
            [
              0.1803674551140866,
              51.54410720964469
            ],
            [
              0.18578155276302208,
              51.5472348882253
            ],
            [
              0.19019546904660617,
              51.552647201821685
            ],
            [
              0.18689833706813122,
              51.55578427284451
            ],
            [
              0.18473637000295437,
              51.55642707730453
            ],
            [
              0.18477071778069282,
              51.559852714502995
            ],
            [
              0.18261885218474752,
              51.561313638869564
            ],
            [
              0.1851574150708328,
              51.565511006115806
            ],
            [
              0.18348488568659058,
              51.56463386888354
            ],
            [
              0.17339243801425344,
              51.56510004622551
            ],
            [
              0.16187111046863747,
              51.56160787482753
            ],
            [
              0.15143785422288839,
              51.56798671379211
            ],
            [
              0.1467563534411798,
              51.568773904369486
            ],
            [
              0.14664222983166778,
              51.569414480342864
            ],
            [
              0.14975819262790785,
              51.56969915439716
            ],
            [
              0.14895788068753266,
              51.57322999528959
            ],
            [
              0.14789892919052333,
              51.57311449394866
            ],
            [
              0.14810364303412174,
              51.57561973231871
            ],
            [
              0.14698058413022408,
              51.57567625880809
            ],
            [
              0.14745273850842794,
              51.58079350049591
            ],
            [
              0.1483888668251102,
              51.58074938590109
            ],
            [
              0.1509266826776803,
              51.58375144313299
            ],
            [
              0.15113231433516724,
              51.59543826898263
            ],
            [
              0.1498089316079252,
              51.59707222313017
            ],
            [
              0.14805696388272102,
              51.59635790610278
            ],
            [
              0.1476589440755465,
              51.596796842975394
            ],
            [
              0.14947795592194885,
              51.6029055876325
            ],
            [
              0.1474686079080537,
              51.612348775138685
            ],
            [
              0.13815843394286303,
              51.62354381513097
            ],
            [
              0.15588935228113107,
              51.62331841263331
            ],
            [
              0.16545516701342788,
              51.622440893444534
            ],
            [
              0.1688736085970398,
              51.6214155539109
            ],
            [
              0.18037519549249043,
              51.624466835587505
            ],
            [
              0.1812061918585891,
              51.62582728855073
            ],
            [
              0.18590424264215574,
              51.62437299242881
            ],
            [
              0.1859739617277402,
              51.625522768114365
            ],
            [
              0.18833789716170013,
              51.625406778050866
            ],
            [
              0.18937728450165828,
              51.62448811864953
            ],
            [
              0.18978244765429172,
              51.62510106192474
            ],
            [
              0.19475309086527892,
              51.6257096620545
            ],
            [
              0.20358361631675073,
              51.625166518537256
            ],
            [
              0.2084392827730458,
              51.626675977970606
            ],
            [
              0.2122248625247537,
              51.62697339732685
            ],
            [
              0.2220450965184667,
              51.630124238225754
            ],
            [
              0.22406001256493716,
              51.63173176268798
            ],
            [
              0.2373240736971426,
              51.6240696021351
            ],
            [
              0.25277207258673196,
              51.61742516079756
            ],
            [
              0.26407634150716175,
              51.60887122910307
            ],
            [
              0.264299079274559,
              51.60783274865954
            ],
            [
              0.2630890906366395,
              51.60731651427577
            ],
            [
              0.2580516721771001,
              51.606505264994055
            ],
            [
              0.2579723138579657,
              51.60490605719784
            ],
            [
              0.25398108615716203,
              51.60159246363553
            ],
            [
              0.2622497942651033,
              51.600021468212425
            ],
            [
              0.26985172869809176,
              51.59956891333886
            ],
            [
              0.2703167414081095,
              51.59731168813256
            ],
            [
              0.2693053554748674,
              51.59527187252857
            ],
            [
              0.27126076871793586,
              51.58902892043033
            ],
            [
              0.2819959303541405,
              51.578829461256696
            ],
            [
              0.2850654416240118,
              51.574129348278035
            ],
            [
              0.28672033668773256,
              51.5734586035433
            ],
            [
              0.28668014887112414,
              51.571507911143925
            ],
            [
              0.29025746158352855,
              51.56429770008972
            ],
            [
              0.3130024362867,
              51.56581192984646
            ],
            [
              0.315226147132899,
              51.55789017058437
            ],
            [
              0.318401110226876,
              51.556775278408026
            ],
            [
              0.3188687945776537,
              51.55519225163308
            ],
            [
              0.3220206058690895,
              51.5541946262766
            ],
            [
              0.3222802144293224,
              51.55277757792662
            ],
            [
              0.32513612352658045,
              51.55305374554063
            ],
            [
              0.32778632724745776,
              51.55099573034249
            ],
            [
              0.32886445605968684,
              51.54583928849096
            ],
            [
              0.3314226017423645,
              51.54594135055648
            ],
            [
              0.33387117547118605,
              51.54249327065744
            ],
            [
              0.3340227677160499,
              51.540664658180134
            ],
            [
              0.3313950573614423,
              51.54004243900533
            ],
            [
              0.3315632977620839,
              51.54079451349541
            ],
            [
              0.3215107582217548,
              51.54049929747723
            ],
            [
              0.30069875338231683,
              51.53875105526928
            ],
            [
              0.3008264104585772,
              51.538137024391446
            ],
            [
              0.29718275656695464,
              51.53765987018069
            ],
            [
              0.2977282394947869,
              51.53531998825348
            ],
            [
              0.26531338516263364,
              51.53214650520159
            ],
            [
              0.2653598576251661,
              51.52495120551103
            ],
            [
              0.2667219928360868,
              51.52451120764909
            ],
            [
              0.26667704536516174,
              51.5233160059946
            ],
            [
              0.26498409135315987,
              51.522899064494936
            ],
            [
              0.2642294956962127,
              51.52163662862967
            ],
            [
              0.26365350040742974,
              51.51787068319447
            ],
            [
              0.26027632189960004,
              51.51836748833336
            ],
            [
              0.25890593025766095,
              51.517764382750464
            ],
            [
              0.2538090085997523,
              51.51788043679401
            ],
            [
              0.2508313440900804,
              51.52881914306322
            ],
            [
              0.24893554642010973,
              51.528675651771074
            ],
            [
              0.24885870747611105,
              51.52740911496452
            ],
            [
              0.24623090944480325,
              51.52645226027453
            ],
            [
              0.24705755922027928,
              51.525087477565314
            ],
            [
              0.24581265798985408,
              51.52351956577196
            ],
            [
              0.24282830926310384,
              51.52439503811924
            ],
            [
              0.24066136130605184,
              51.52195439786712
            ],
            [
              0.24069676113761268,
              51.52120730439194
            ],
            [
              0.24441807335192361,
              51.520371740726006
            ],
            [
              0.24487227402309447,
              51.51876229574151
            ],
            [
              0.2439145663593904,
              51.51833996838653
            ],
            [
              0.24017298455660918,
              51.519346771219
            ],
            [
              0.23714519767627756,
              51.51933262576422
            ],
            [
              0.24110875544827867,
              51.51374424877211
            ],
            [
              0.23995077278785912,
              51.51305592739317
            ],
            [
              0.2418910776745663,
              51.50795579357371
            ],
            [
              0.23341207640483508,
              51.50666972318428
            ],
            [
              0.22660601002321387,
              51.506583325615615
            ],
            [
              0.22659032411021363,
              51.50448825936962
            ],
            [
              0.22994250809505395,
              51.499361505703796
            ],
            [
              0.22426661275855722,
              51.49731099591424
            ],
            [
              0.22162548451271105,
              51.49781071709871
            ],
            [
              0.2149909349560159,
              51.49647937370988
            ],
            [
              0.2130474261042793,
              51.49502323844432
            ],
            [
              0.2119038599751727,
              51.49104294300511
            ],
            [
              0.21052535830156438,
              51.49024158685829
            ]
          ]
        ]
      }
    },
    {
      "type": "Feature",
      "properties": {
        "name": "Hillingdon",
        "gss_code": "E09000017"
      },
      "geometry": {
        "type": "Polygon",
        "coordinates": [
          [
            [
              -0.4586565301351829,
              51.45631795606881
            ],
            [
              -0.46130353719919176,
              51.45721597921115
            ],
            [
              -0.4735773103788014,
              51.458635319072236
            ],
            [
              -0.477143627447602,
              51.46133440024363
            ],
            [
              -0.48588217382272586,
              51.46131268233713
            ],
            [
              -0.48962374760709254,
              51.4617835713093
            ],
            [
              -0.49223343368755235,
              51.46296816084596
            ],
            [
              -0.4938827147185144,
              51.46271959011793
            ],
            [
              -0.4970034914141196,
              51.46587992934844
            ],
            [
              -0.5003745504331425,
              51.467128044369375
            ],
            [
              -0.5056800965175613,
              51.4677802673902
            ],
            [
              -0.5073350350993043,
              51.46692010997029
            ],
            [
              -0.5102960886489716,
              51.46750628812354
            ],
            [
              -0.5101687592707443,
              51.46876357713316
            ],
            [
              -0.507691448854453,
              51.470116874492064
            ],
            [
              -0.5059585844383233,
              51.47247773979376
            ],
            [
              -0.5032171113409273,
              51.48101233202294
            ],
            [
              -0.49890107682586887,
              51.485705037901155
            ],
            [
              -0.4991956549219563,
              51.488577311117304
            ],
            [
              -0.4983212396880129,
              51.48844922024262
            ],
            [
              -0.4986546091438342,
              51.489262783593496
            ],
            [
              -0.4949571089758008,
              51.49131956209053
            ],
            [
              -0.4948116229793186,
              51.49267551277463
            ],
            [
              -0.4915006385708021,
              51.49304661477292
            ],
            [
              -0.49045129619525957,
              51.49385140151951
            ],
            [
              -0.48868085253110116,
              51.495986722909635
            ],
            [
              -0.4888556372095315,
              51.498542750676755
            ],
            [
              -0.48976361573746996,
              51.498968084770745
            ],
            [
              -0.4887574395148474,
              51.500205036050424
            ],
            [
              -0.48618400953921154,
              51.500909208693855
            ],
            [
              -0.48468353959979765,
              51.50357849111896
            ],
            [
              -0.48506613004456517,
              51.50507613184712
            ],
            [
              -0.48319856588541255,
              51.50664360946253
            ],
            [
              -0.48557738321513255,
              51.51008237259146
            ],
            [
              -0.48980969907186034,
              51.511521727531054
            ],
            [
              -0.48958123184783375,
              51.51407255521257
            ],
            [
              -0.49235002317980264,
              51.51707557850512
            ],
            [
              -0.49038846782636764,
              51.52017062372066
            ],
            [
              -0.4911878667605016,
              51.521277947972656
            ],
            [
              -0.49084413292804213,
              51.52644400022596
            ],
            [
              -0.48898399560717226,
              51.529072733889
            ],
            [
              -0.49120942448108423,
              51.53327371702398
            ],
            [
              -0.4905026444739956,
              51.53415484511875
            ],
            [
              -0.4933451395835679,
              51.53583693764156
            ],
            [
              -0.4955051772298843,
              51.538544302707145
            ],
            [
              -0.4936071950953916,
              51.54100177050246
            ],
            [
              -0.49179934515392043,
              51.54159900138596
            ],
            [
              -0.4913756737886045,
              51.54612557257411
            ],
            [
              -0.48939298353725114,
              51.546333858757095
            ],
            [
              -0.48661672876996265,
              51.55002980479707
            ],
            [
              -0.4826874520754795,
              51.55151671074178
            ],
            [
              -0.47889891136525253,
              51.55483070582372
            ],
            [
              -0.4777436410648279,
              51.55486967747195
            ],
            [
              -0.4766139407437381,
              51.558029226512225
            ],
            [
              -0.4775200281684232,
              51.5602710238297
            ],
            [
              -0.4811536447104273,
              51.560758721169655
            ],
            [
              -0.48077341423193626,
              51.561778896899554
            ],
            [
              -0.48281618078244004,
              51.56282142945404
            ],
            [
              -0.48260418012893125,
              51.56572312955954
            ],
            [
              -0.4847745736268526,
              51.566839212990025
            ],
            [
              -0.484038278269168,
              51.57119085799222
            ],
            [
              -0.4855520827448295,
              51.57383608441152
            ],
            [
              -0.4840515608225205,
              51.57512955341582
            ],
            [
              -0.4889592892687216,
              51.57727000568819
            ],
            [
              -0.4885785358949634,
              51.57961202862142
            ],
            [
              -0.4896184439174817,
              51.58176552259823
            ],
            [
              -0.49472039626258146,
              51.58460960500125
            ],
            [
              -0.4957594661103566,
              51.588111834970036
            ],
            [
              -0.49958066948614616,
              51.59218017735586
            ],
            [
              -0.49859658663019807,
              51.59444257576798
            ],
            [
              -0.5009055560131291,
              51.600173021938915
            ],
            [
              -0.500247931292761,
              51.6012886232676
            ],
            [
              -0.49704761507211664,
              51.60113079756838
            ],
            [
              -0.4963415344506853,
              51.602398621139756
            ],
            [
              -0.4992452432650853,
              51.608928004003886
            ],
            [
              -0.4954099226688668,
              51.61878809114425
            ],
            [
              -0.4968268471547735,
              51.62049673355761
            ],
            [
              -0.5001697130257069,
              51.622068120112196
            ],
            [
              -0.4976487115783375,
              51.62666675796263
            ],
            [
              -0.5003337967325377,
              51.62892209953707
            ],
            [
              -0.49928569363639985,
              51.63047331102274
            ],
            [
              -0.49671488342868547,
              51.6317532535578
            ],
            [
              -0.493561420158594,
              51.630552874811535
            ],
            [
              -0.49156060916151206,
              51.63076097976765
            ],
            [
              -0.4878792797214417,
              51.62675715859106
            ],
            [
              -0.47671513041537245,
              51.62190104579224
            ],
            [
              -0.46893043945232177,
              51.61670131859532
            ],
            [
              -0.45714893140304386,
              51.61229385574862
            ],
            [
              -0.4488998886380104,
              51.61532338041262
            ],
            [
              -0.445575371396632,
              51.61962256452038
            ],
            [
              -0.440590914720413,
              51.62006901262436
            ],
            [
              -0.42649713895140556,
              51.617003514702695
            ],
            [
              -0.41696728991945614,
              51.61648874501361
            ],
            [
              -0.4111533875891902,
              51.613802506070954
            ],
            [
              -0.4040688857156575,
              51.61318487222141
            ],
            [
              -0.40178644431206745,
              51.606616572225825
            ],
            [
              -0.40235496457469244,
              51.60193942763863
            ],
            [
              -0.4003335274410405,
              51.59741584507821
            ],
            [
              -0.3976330940362356,
              51.59701932872795
            ],
            [
              -0.3954910708801803,
              51.59020101801793
            ],
            [
              -0.3944718523560779,
              51.59044785271501
            ],
            [
              -0.3920348170060665,
              51.58832831834785
            ],
            [
              -0.391566503664663,
              51.58155981505348
            ],
            [
              -0.3857082265560161,
              51.572145529552024
            ],
            [
              -0.3864651319478841,
              51.571553463811206
            ],
            [
              -0.3832989661668296,
              51.567247602661965
            ],
            [
              -0.3823855062136914,
              51.562900787062155
            ],
            [
              -0.38031480446720073,
              51.56067813275206
            ],
            [
              -0.3776858729052979,
              51.554688987985024
            ],
            [
              -0.3852680715239577,
              51.551169719900685
            ],
            [
              -0.39498789743540985,
              51.54875828772966
            ],
            [
              -0.394883276060266,
              51.547632833399355
            ],
            [
              -0.39872497097443793,
              51.54789214428476
            ],
            [
              -0.39788034759919144,
              51.54565954506653
            ],
            [
              -0.3962408389816338,
              51.54552924073174
            ],
            [
              -0.39527847853664677,
              51.5425486597459
            ],
            [
              -0.40485533239242943,
              51.54250839976838
            ],
            [
              -0.41645794849245477,
              51.54019271919643
            ],
            [
              -0.4195132667062745,
              51.54024290806444
            ],
            [
              -0.41816666664492935,
              51.53915469207174
            ],
            [
              -0.41961410301173124,
              51.53858071421384
            ],
            [
              -0.4174636398292565,
              51.537805377243195
            ],
            [
              -0.4175868964329244,
              51.53674596261631
            ],
            [
              -0.41534389385531256,
              51.53656282182256
            ],
            [
              -0.41182531686100354,
              51.53408735468886
            ],
            [
              -0.39234000061584096,
              51.53140306135242
            ],
            [
              -0.38711397373520073,
              51.52955986387132
            ],
            [
              -0.38587431079104156,
              51.53037009857373
            ],
            [
              -0.3761984328309176,
              51.5288068080796
            ],
            [
              -0.37617838100800666,
              51.524912892995836
            ],
            [
              -0.3826242186039688,
              51.51793404121744
            ],
            [
              -0.39001499850387245,
              51.51393525049881
            ],
            [
              -0.3932928469439731,
              51.50720004412014
            ],
            [
              -0.40320839885621573,
              51.503441807869564
            ],
            [
              -0.4069730078456265,
              51.49960835012422
            ],
            [
              -0.4096837481762303,
              51.499959864569156
            ],
            [
              -0.41264359112933063,
              51.48857980842612
            ],
            [
              -0.41687453145937076,
              51.482450327147525
            ],
            [
              -0.41497039425632737,
              51.47672351176667
            ],
            [
              -0.41584197618881485,
              51.474010631707486
            ],
            [
              -0.4111472567476806,
              51.4698826060172
            ],
            [
              -0.4217240881075222,
              51.46670729292239
            ],
            [
              -0.4335987989831817,
              51.46174092999927
            ],
            [
              -0.4366309778358212,
              51.45768092206214
            ],
            [
              -0.43506163421404176,
              51.45685068175601
            ],
            [
              -0.44148262468824073,
              51.4568103152895
            ],
            [
              -0.4440069260176292,
              51.45326491801241
            ],
            [
              -0.44942784139110714,
              51.453840301053454
            ],
            [
              -0.4586565301351829,
              51.45631795606881
            ]
          ]
        ]
      }
    },
    {
      "type": "Feature",
      "properties": {
        "name": "Harrow",
        "gss_code": "E09000015"
      },
      "geometry": {
        "type": "Polygon",
        "coordinates": [
          [
            [
              -0.33133233683542596,
              51.561574449379265
            ],
            [
              -0.3355991021078035,
              51.55653645145143
            ],
            [
              -0.3439780651474768,
              51.55778802269613
            ],
            [
              -0.3475591432568812,
              51.5596819117178
            ],
            [
              -0.36243264655351565,
              51.55727368605581
            ],
            [
              -0.3625351851970598,
              51.55602520035201
            ],
            [
              -0.375854144413345,
              51.553063037824906
            ],
            [
              -0.37654490469653124,
              51.55351321456662
            ],
            [
              -0.3823855062136914,
              51.562900787062155
            ],
            [
              -0.3832989661668296,
              51.567247602661965
            ],
            [
              -0.3864651319478841,
              51.571553463811206
            ],
            [
              -0.3857082265560161,
              51.572145529552024
            ],
            [
              -0.3880760449867103,
              51.57496564406625
            ],
            [
              -0.3886124934846872,
              51.577751585715475
            ],
            [
              -0.391566503664663,
              51.58155981505348
            ],
            [
              -0.3920348170060665,
              51.58832831834785
            ],
            [
              -0.3944718523560779,
              51.59044785271501
            ],
            [
              -0.3954910708801803,
              51.59020101801793
            ],
            [
              -0.3976330940362356,
              51.59701932872795
            ],
            [
              -0.4003335274410405,
              51.59741584507821
            ],
            [
              -0.40235496457469244,
              51.60193942763863
            ],
            [
              -0.40178644431206745,
              51.606616572225825
            ],
            [
              -0.4040688857156575,
              51.61318487222141
            ],
            [
              -0.3866789792677768,
              51.615635821001234
            ],
            [
              -0.3820074248786907,
              51.617432896265754
            ],
            [
              -0.37585608444868585,
              51.618184225166516
            ],
            [
              -0.366264344563156,
              51.62100954606887
            ],
            [
              -0.35978471952843466,
              51.6252354153791
            ],
            [
              -0.3492499772122328,
              51.62690417873005
            ],
            [
              -0.3398320275979681,
              51.630808851628224
            ],
            [
              -0.33830618333940415,
              51.62946542425884
            ],
            [
              -0.33300243176393585,
              51.633832354133176
            ],
            [
              -0.32656719408111173,
              51.63671720948515
            ],
            [
              -0.3198211940814455,
              51.638212480055465
            ],
            [
              -0.3167005037206787,
              51.640532715727026
            ],
            [
              -0.30470367867805975,
              51.63670031578956
            ],
            [
              -0.30559484737158815,
              51.6341144468777
            ],
            [
              -0.3039596634460526,
              51.631465127641526
            ],
            [
              -0.26715724450336686,
              51.60037216097894
            ],
            [
              -0.27114833611033723,
              51.59831783582835
            ],
            [
              -0.2729944395845686,
              51.598371989229264
            ],
            [
              -0.2769777577519896,
              51.59689285642923
            ],
            [
              -0.2765155080151155,
              51.59651738813487
            ],
            [
              -0.2840722443678238,
              51.59560298902322
            ],
            [
              -0.29041481262493907,
              51.59356438233735
            ],
            [
              -0.2846496338873076,
              51.59100740400529
            ],
            [
              -0.28234668595125195,
              51.585083803732374
            ],
            [
              -0.30078568986665205,
              51.587240578509096
            ],
            [
              -0.30484882108027894,
              51.58705654256963
            ],
            [
              -0.3130792960227157,
              51.58426164847133
            ],
            [
              -0.32020658874078356,
              51.58043427637121
            ],
            [
              -0.3266758399140991,
              51.57877321021929
            ],
            [
              -0.3247458459099708,
              51.57317050187185
            ],
            [
              -0.32214794698573956,
              51.56965339639753
            ],
            [
              -0.3297455479855969,
              51.567082094902815
            ],
            [
              -0.3282539058575849,
              51.562510786567344
            ],
            [
              -0.33133233683542596,
              51.561574449379265
            ]
          ]
        ]
      }
    },
    {
      "type": "Feature",
      "properties": {
        "name": "Brent",
        "gss_code": "E09000005"
      },
      "geometry": {
        "type": "Polygon",
        "coordinates": [
          [
            [
              -0.33133233683542596,
              51.561574449379265
            ],
            [
              -0.3282539058575849,
              51.562510786567344
            ],
            [
              -0.3297455479855969,
              51.567082094902815
            ],
            [
              -0.32214794698573956,
              51.56965339639753
            ],
            [
              -0.3247458459099708,
              51.57317050187185
            ],
            [
              -0.3266758399140991,
              51.57877321021929
            ],
            [
              -0.32020658874078356,
              51.58043427637121
            ],
            [
              -0.3130792960227157,
              51.58426164847133
            ],
            [
              -0.30484882108027894,
              51.58705654256963
            ],
            [
              -0.30078568986665205,
              51.587240578509096
            ],
            [
              -0.28234668595125195,
              51.585083803732374
            ],
            [
              -0.2846496338873076,
              51.59100740400529
            ],
            [
              -0.29041481262493907,
              51.59356438233735
            ],
            [
              -0.2840722443678238,
              51.59560298902322
            ],
            [
              -0.2765155080151155,
              51.59651738813487
            ],
            [
              -0.2769777577519896,
              51.59689285642923
            ],
            [
              -0.2729944395845686,
              51.598371989229264
            ],
            [
              -0.27114833611033723,
              51.59831783582835
            ],
            [
              -0.26715724450336686,
              51.60037216097894
            ],
            [
              -0.24827995266224182,
              51.584364469713854
            ],
            [
              -0.25166337066524996,
              51.58346173858944
            ],
            [
              -0.254395902377989,
              51.581461164823686
            ],
            [
              -0.2544095648651541,
              51.57884461268796
            ],
            [
              -0.25135255027167525,
              51.57313395629265
            ],
            [
              -0.25312524095161004,
              51.57244097366081
            ],
            [
              -0.2511452831340239,
              51.570262323373875
            ],
            [
              -0.248700506560752,
              51.568544301878156
            ],
            [
              -0.24730408368764956,
              51.56846050711092
            ],
            [
              -0.24607002555592877,
              51.569781923098645
            ],
            [
              -0.24604977923789198,
              51.57218256681852
            ],
            [
              -0.24201406612983772,
              51.572805594385386
            ],
            [
              -0.2380858007332599,
              51.57176651866527
            ],
            [
              -0.2375964903728218,
              51.5724785563343
            ],
            [
              -0.23344519922980753,
              51.57198450630297
            ],
            [
              -0.19148333751083718,
              51.53629296786438
            ],
            [
              -0.1930309714027129,
              51.53398778020326
            ],
            [
              -0.19241120166297299,
              51.53289014931475
            ],
            [
              -0.19656856215270266,
              51.52765759967906
            ],
            [
              -0.197798756402221,
              51.52790131656054
            ],
            [
              -0.1988642224361999,
              51.53085820158606
            ],
            [
              -0.20169522518190627,
              51.53255623794534
            ],
            [
              -0.20531294909990447,
              51.532953351350734
            ],
            [
              -0.21526608206084896,
              51.53136067241876
            ],
            [
              -0.2160346337580981,
              51.527928273725
            ],
            [
              -0.22379810040632742,
              51.5299614605348
            ],
            [
              -0.22769228881542067,
              51.52992144240196
            ],
            [
              -0.2344208519764967,
              51.53263968602508
            ],
            [
              -0.2434217149184534,
              51.531785645667746
            ],
            [
              -0.2507694899425584,
              51.53417949644895
            ],
            [
              -0.2560553196282344,
              51.533952452373704
            ],
            [
              -0.2578047812021531,
              51.53533629035275
            ],
            [
              -0.26486003162755833,
              51.53218562461778
            ],
            [
              -0.26753225292560706,
              51.53015687966298
            ],
            [
              -0.2804727690569312,
              51.528404929005106
            ],
            [
              -0.28574882347504993,
              51.52918354761013
            ],
            [
              -0.2893897842647644,
              51.53166462183278
            ],
            [
              -0.2840431828398565,
              51.533519887681486
            ],
            [
              -0.2835360335204363,
              51.53282005986067
            ],
            [
              -0.2815161176351759,
              51.53324010470052
            ],
            [
              -0.2809500164084536,
              51.53257537116336
            ],
            [
              -0.2790084143871877,
              51.533212336242364
            ],
            [
              -0.2777991247298003,
              51.53507398601236
            ],
            [
              -0.2824796994106123,
              51.53866759132026
            ],
            [
              -0.29328876181336405,
              51.53496763389923
            ],
            [
              -0.29659486029634463,
              51.535240491389374
            ],
            [
              -0.3027285771551139,
              51.531984254220504
            ],
            [
              -0.30750383390222613,
              51.53306937318738
            ],
            [
              -0.3062496704919489,
              51.534229263777895
            ],
            [
              -0.3059700175095303,
              51.53943176324198
            ],
            [
              -0.3047282754074564,
              51.53986344149555
            ],
            [
              -0.30856874257138767,
              51.54323702437565
            ],
            [
              -0.3080051862798406,
              51.544433864076794
            ],
            [
              -0.30888460664362793,
              51.54521987894301
            ],
            [
              -0.307224646525093,
              51.54525888720352
            ],
            [
              -0.3076923869193147,
              51.54586811733488
            ],
            [
              -0.3177777604628312,
              51.55161533131554
            ],
            [
              -0.32797032041482044,
              51.555294971094675
            ],
            [
              -0.3355830438000941,
              51.55658118484154
            ],
            [
              -0.33133233683542596,
              51.561574449379265
            ]
          ]
        ]
      }
    },
    {
      "type": "Feature",
      "properties": {
        "name": "Barnet",
        "gss_code": "E09000003"
      },
      "geometry": {
        "type": "Polygon",
        "coordinates": [
          [
            [
              -0.30448566069599103,
              51.63634647379815
            ],
            [
              -0.2961525070265386,
              51.63544352740882
            ],
            [
              -0.2855181905029831,
              51.63694328760767
            ],
            [
              -0.28141911337999526,
              51.638340094849525
            ],
            [
              -0.2737329500547319,
              51.63866796128288
            ],
            [
              -0.27289444669226076,
              51.64209963630647
            ],
            [
              -0.2682732849851287,
              51.64238226908054
            ],
            [
              -0.268377053113966,
              51.64383154088614
            ],
            [
              -0.264381262327987,
              51.643628671870104
            ],
            [
              -0.2632948649883103,
              51.64482655394788
            ],
            [
              -0.26047734072630896,
              51.64253680063115
            ],
            [
              -0.25735391623185294,
              51.641825064539276
            ],
            [
              -0.2561916713706276,
              51.643489350498385
            ],
            [
              -0.2545077830598622,
              51.643680143880715
            ],
            [
              -0.2519004774625381,
              51.647211259217364
            ],
            [
              -0.24988107003202226,
              51.65460872977995
            ],
            [
              -0.25136121844346615,
              51.65521527158355
            ],
            [
              -0.2506062615321558,
              51.65604929276502
            ],
            [
              -0.24789044688595174,
              51.6552444680026
            ],
            [
              -0.23921956804741396,
              51.657398794322425
            ],
            [
              -0.236708445705499,
              51.65877289104954
            ],
            [
              -0.2347335245920924,
              51.6589950024392
            ],
            [
              -0.2342564317331623,
              51.65825046957522
            ],
            [
              -0.22894123502922265,
              51.65996887065924
            ],
            [
              -0.22649167094893027,
              51.657162303052864
            ],
            [
              -0.2198198753364804,
              51.66065823961319
            ],
            [
              -0.21891797667202353,
              51.660060070624134
            ],
            [
              -0.21341936576731083,
              51.66237746947493
            ],
            [
              -0.21215843520021913,
              51.66135115155214
            ],
            [
              -0.20789137874143387,
              51.662859751683186
            ],
            [
              -0.2111572655534182,
              51.66694704895267
            ],
            [
              -0.20986069323681086,
              51.66755674770967
            ],
            [
              -0.2079898891190001,
              51.66659302612442
            ],
            [
              -0.20565479783569443,
              51.66859860580477
            ],
            [
              -0.20225909627704908,
              51.66780032128707
            ],
            [
              -0.20338205982100396,
              51.670119513728864
            ],
            [
              -0.19989498794364718,
              51.67016503249791
            ],
            [
              -0.1990328938129077,
              51.66820050319606
            ],
            [
              -0.1948786628768284,
              51.668298585014234
            ],
            [
              -0.1966971618899088,
              51.66547598503524
            ],
            [
              -0.19109164255093028,
              51.66389706574383
            ],
            [
              -0.18780961412147024,
              51.66787499030078
            ],
            [
              -0.18211166702232742,
              51.66860522344525
            ],
            [
              -0.18588511805486774,
              51.662836598471095
            ],
            [
              -0.16350291716148693,
              51.65816342580083
            ],
            [
              -0.16050953375882762,
              51.65674974686117
            ],
            [
              -0.15479065161034436,
              51.65552699396503
            ],
            [
              -0.15227471014841545,
              51.64984926016337
            ],
            [
              -0.15102247469581287,
              51.650072340800925
            ],
            [
              -0.14991800827751928,
              51.64879602112659
            ],
            [
              -0.15227812117431463,
              51.647987906601045
            ],
            [
              -0.15106688870313306,
              51.647204494129994
            ],
            [
              -0.15174887906545054,
              51.64536281526266
            ],
            [
              -0.14918029589212667,
              51.6452594091977
            ],
            [
              -0.14792215686185728,
              51.642083267124406
            ],
            [
              -0.14510961152802396,
              51.6426503464859
            ],
            [
              -0.14082026378856613,
              51.63797843234329
            ],
            [
              -0.13453848084484443,
              51.63469550241686
            ],
            [
              -0.13329670910421906,
              51.63326396666889
            ],
            [
              -0.12914738288469294,
              51.63226271505864
            ],
            [
              -0.13114728742499615,
              51.62965980703125
            ],
            [
              -0.1304652758822059,
              51.629379177671254
            ],
            [
              -0.1335366955645622,
              51.62636165449352
            ],
            [
              -0.13546199972922965,
              51.62168924440636
            ],
            [
              -0.14205888210345685,
              51.616155627120776
            ],
            [
              -0.14454183988918864,
              51.61548450295273
            ],
            [
              -0.1387782089575522,
              51.61019566947113
            ],
            [
              -0.14345483063276857,
              51.608848934615466
            ],
            [
              -0.14202973251733744,
              51.6037816629705
            ],
            [
              -0.14448932425363947,
              51.600124702605896
            ],
            [
              -0.15137025903204368,
              51.59744564287992
            ],
            [
              -0.1530303332252115,
              51.59923428334118
            ],
            [
              -0.15330953986268928,
              51.60267376217809
            ],
            [
              -0.15598443210408586,
              51.60544050223828
            ],
            [
              -0.15677080240608574,
              51.604922304188705
            ],
            [
              -0.1617938091393172,
              51.597474468952285
            ],
            [
              -0.15967989583085568,
              51.59226173672993
            ],
            [
              -0.15869200485227772,
              51.5920574023314
            ],
            [
              -0.16027149400832624,
              51.58798164750014
            ],
            [
              -0.1586405720624945,
              51.58797405506024
            ],
            [
              -0.15870949976605545,
              51.58662627899427
            ],
            [
              -0.15718227402153886,
              51.58619765070203
            ],
            [
              -0.15964851760284177,
              51.58446485059518
            ],
            [
              -0.16122933416583105,
              51.58535289831619
            ],
            [
              -0.1657467004355767,
              51.58322045590491
            ],
            [
              -0.16722403685288692,
              51.58130118263276
            ],
            [
              -0.167088424578602,
              51.578214676889715
            ],
            [
              -0.16809277244839604,
              51.57692646336053
            ],
            [
              -0.1693428656256899,
              51.577422567614754
            ],
            [
              -0.16956501076651137,
              51.57692245924959
            ],
            [
              -0.16948115718145396,
              51.573980640598535
            ],
            [
              -0.17118442194704658,
              51.57361153235701
            ],
            [
              -0.17385161378180267,
              51.569714403071266
            ],
            [
              -0.17440390576012305,
              51.56925539239443
            ],
            [
              -0.17807990198402798,
              51.57042758023465
            ],
            [
              -0.1809816317189134,
              51.569672274885114
            ],
            [
              -0.18381006754489046,
              51.56749496758982
            ],
            [
              -0.18925652484814356,
              51.565510892366994
            ],
            [
              -0.19075929929218033,
              51.56182021983933
            ],
            [
              -0.19485199853667787,
              51.56048044289223
            ],
            [
              -0.19692394008988975,
              51.560620208514415
            ],
            [
              -0.1966759063278871,
              51.55923157055357
            ],
            [
              -0.19848359120426717,
              51.558755765636846
            ],
            [
              -0.19940726037783243,
              51.55618913094176
            ],
            [
              -0.2058180383228617,
              51.55530716672978
            ],
            [
              -0.20596160559385263,
              51.5564244163151
            ],
            [
              -0.20884510505101597,
              51.55573109541939
            ],
            [
              -0.21003100998557664,
              51.55675633820272
            ],
            [
              -0.2134968199178748,
              51.55519053330059
            ],
            [
              -0.23344519922980753,
              51.57198450630297
            ],
            [
              -0.2375964903728218,
              51.5724785563343
            ],
            [
              -0.2380858007332599,
              51.57176651866527
            ],
            [
              -0.24201406612983772,
              51.572805594385386
            ],
            [
              -0.24604977923789198,
              51.57218256681852
            ],
            [
              -0.24607002555592877,
              51.569781923098645
            ],
            [
              -0.24730408368764956,
              51.56846050711092
            ],
            [
              -0.248700506560752,
              51.568544301878156
            ],
            [
              -0.2511452831340239,
              51.570262323373875
            ],
            [
              -0.25312524095161004,
              51.57244097366081
            ],
            [
              -0.25135255027167525,
              51.57313395629265
            ],
            [
              -0.2544095648651541,
              51.57884461268796
            ],
            [
              -0.254395902377989,
              51.581461164823686
            ],
            [
              -0.25166337066524996,
              51.58346173858944
            ],
            [
              -0.24827995266224182,
              51.584364469713854
            ],
            [
              -0.3039596634460526,
              51.631465127641526
            ],
            [
              -0.30559484737158815,
              51.6341144468777
            ],
            [
              -0.30448566069599103,
              51.63634647379815
            ]
          ]
        ]
      }
    },
    {
      "type": "Feature",
      "properties": {
        "name": "Lewisham",
        "gss_code": "E09000023"
      },
      "geometry": {
        "type": "Polygon",
        "coordinates": [
          [
            [
              -0.04615728312944215,
              51.45696749147404
            ],
            [
              -0.04512339659342027,
              51.460277551814904
            ],
            [
              -0.04571884579218559,
              51.46352484721656
            ],
            [
              -0.04820906962012887,
              51.46589543636292
            ],
            [
              -0.05088396973528858,
              51.46664136649055
            ],
            [
              -0.05228633931068548,
              51.46920959885346
            ],
            [
              -0.052703452687969304,
              51.478011352632784
            ],
            [
              -0.05433431482996226,
              51.478604964045026
            ],
            [
              -0.05280855003201086,
              51.4826443150607
            ],
            [
              -0.053567331522293433,
              51.485795347554046
            ],
            [
              -0.05284735536309648,
              51.48646683511755
            ],
            [
              -0.053980420549870387,
              51.48793346059896
            ],
            [
              -0.050465597834661105,
              51.487938024974305
            ],
            [
              -0.051955963363613064,
              51.48913183780624
            ],
            [
              -0.046571847035409286,
              51.490741878609576
            ],
            [
              -0.04222315270507204,
              51.49003087593438
            ],
            [
              -0.04034956965241385,
              51.491060713117086
            ],
            [
              -0.041051351560373095,
              51.49182782190124
            ],
            [
              -0.039966334865383764,
              51.49294276527136
            ],
            [
              -0.037318110333509055,
              51.49221502898262
            ],
            [
              -0.02994181532443375,
              51.49356613316838
            ],
            [
              -0.027282013765824266,
              51.48943874550177
            ],
            [
              -0.02344991871671855,
              51.48678432187104
            ],
            [
              -0.025196822166858972,
              51.4850242123797
            ],
            [
              -0.026414380759740244,
              51.48151058802253
            ],
            [
              -0.023164148331537328,
              51.48073641982964
            ],
            [
              -0.023068032020870478,
              51.4796286983668
            ],
            [
              -0.0184067818358247,
              51.48084496121961
            ],
            [
              -0.016861109504573358,
              51.48028825928854
            ],
            [
              -0.018956841935891384,
              51.47945139571922
            ],
            [
              -0.019124190953882073,
              51.4772510122011
            ],
            [
              -0.02057257124509003,
              51.47672691883282
            ],
            [
              -0.020852216239407473,
              51.47558956690548
            ],
            [
              -0.022933283248522594,
              51.475085115652135
            ],
            [
              -0.022678508926031203,
              51.47398370999297
            ],
            [
              -0.020053442498731266,
              51.47308510218072
            ],
            [
              -0.019123728595393547,
              51.46994892865648
            ],
            [
              -0.015088701100730267,
              51.46803717729682
            ],
            [
              -0.013134572826613662,
              51.46893931921962
            ],
            [
              -0.015185828074594553,
              51.47177079794386
            ],
            [
              -0.014066485918920296,
              51.47267809236073
            ],
            [
              -0.0003662954532565735,
              51.47183372269573
            ],
            [
              0.018125161210469257,
              51.47385499267609
            ],
            [
              0.014980705759919607,
              51.4730817443301
            ],
            [
              0.016534580686098563,
              51.46913418872498
            ],
            [
              0.012604503735347982,
              51.46980423579945
            ],
            [
              0.013251294654391722,
              51.46683451568029
            ],
            [
              0.00909126299211545,
              51.4658717146348
            ],
            [
              0.00994151922069401,
              51.45933739340886
            ],
            [
              0.01152035792916158,
              51.456612484002015
            ],
            [
              0.017511255574324053,
              51.45504370891691
            ],
            [
              0.018337492793563302,
              51.45158525211035
            ],
            [
              0.019537541256865024,
              51.451708467733155
            ],
            [
              0.01986863684426415,
              51.45073154251872
            ],
            [
              0.014883062721613041,
              51.45060151832858
            ],
            [
              0.015059478928544532,
              51.45003194081744
            ],
            [
              0.02212589422976967,
              51.448723204616655
            ],
            [
              0.022936806412735083,
              51.4472074167762
            ],
            [
              0.02121569184817669,
              51.44668854717755
            ],
            [
              0.021490759983624222,
              51.44444459855125
            ],
            [
              0.020602490606034092,
              51.44420811623636
            ],
            [
              0.02148725765049719,
              51.44273602799954
            ],
            [
              0.02541494822312137,
              51.441741965158045
            ],
            [
              0.029356331119965582,
              51.44170976271601
            ],
            [
              0.028809519789721832,
              51.43878757335427
            ],
            [
              0.024785043815306697,
              51.43823666210832
            ],
            [
              0.025377451709175037,
              51.43569045473399
            ],
            [
              0.028675645850353555,
              51.43641578833693
            ],
            [
              0.02858452027949967,
              51.434034269702344
            ],
            [
              0.031146065121393538,
              51.432101413593294
            ],
            [
              0.03158329318310351,
              51.43255246939282
            ],
            [
              0.033703357234287364,
              51.43169735387151
            ],
            [
              0.037704259363820734,
              51.43334549129243
            ],
            [
              0.03903010421207553,
              51.424671324249076
            ],
            [
              0.03618013694981559,
              51.42236475135028
            ],
            [
              0.025411999313852504,
              51.42899021088529
            ],
            [
              0.021130968625095538,
              51.426842891215166
            ],
            [
              0.01411031772554188,
              51.42617238850716
            ],
            [
              0.01439981973553814,
              51.425232160619316
            ],
            [
              0.009963875263248623,
              51.42248458143069
            ],
            [
              0.008075516578110349,
              51.42304752858511
            ],
            [
              0.005222535446242096,
              51.4193194003722
            ],
            [
              0.005676170173994616,
              51.418511277515805
            ],
            [
              0.0034992502557896882,
              51.41740642810299
            ],
            [
              0.0017231580072993979,
              51.41856087979097
            ],
            [
              -7.138458254228845e-05,
              51.41764727422155
            ],
            [
              -0.0007510558050089631,
              51.41591426743328
            ],
            [
              -0.0034082354153517668,
              51.41566280673897
            ],
            [
              -0.0032767834719228685,
              51.41504905648212
            ],
            [
              -0.004993654458420365,
              51.41459268589863
            ],
            [
              -0.006572088440439499,
              51.41599544487007
            ],
            [
              -0.006630337228925459,
              51.41465650871984
            ],
            [
              -0.01184125337374158,
              51.41354898946555
            ],
            [
              -0.014266722355355895,
              51.41366205660221
            ],
            [
              -0.01414693167227331,
              51.41509887319365
            ],
            [
              -0.017988609419432082,
              51.415055997256545
            ],
            [
              -0.017843710936079744,
              51.415745990924364
            ],
            [
              -0.022186936799517765,
              51.416745628692375
            ],
            [
              -0.020942187739395275,
              51.42092424109533
            ],
            [
              -0.030244752826638056,
              51.42568525675173
            ],
            [
              -0.03199176284378317,
              51.42553475050888
            ],
            [
              -0.031825660872706385,
              51.424713620513025
            ],
            [
              -0.0374813237260744,
              51.4249883175604
            ],
            [
              -0.03847465390682826,
              51.42396178813861
            ],
            [
              -0.04106593900874102,
              51.42424793359172
            ],
            [
              -0.04628137431987722,
              51.422365581813274
            ],
            [
              -0.04723846139875936,
              51.422858148155086
            ],
            [
              -0.05176933944525178,
              51.42251988898255
            ],
            [
              -0.0518104843101709,
              51.42358171554413
            ],
            [
              -0.054781666519094725,
              51.42372998792289
            ],
            [
              -0.055160594955406,
              51.4229359237003
            ],
            [
              -0.056784434189623055,
              51.42297185198024
            ],
            [
              -0.06260194453972567,
              51.42519944000278
            ],
            [
              -0.07394003324945436,
              51.426150696826
            ],
            [
              -0.07509473998791645,
              51.4287955357499
            ],
            [
              -0.07359182312074276,
              51.43135174746466
            ],
            [
              -0.07238194348986726,
              51.43241097935576
            ],
            [
              -0.06962386786917148,
              51.432653353468716
            ],
            [
              -0.06670712040443112,
              51.43392720642952
            ],
            [
              -0.06346097545338984,
              51.43754264083891
            ],
            [
              -0.06405481603872394,
              51.44085277048039
            ],
            [
              -0.06502045584765266,
              51.441156481355236
            ],
            [
              -0.06207388416654555,
              51.447537577880134
            ],
            [
              -0.05756552239171422,
              51.45034061938884
            ],
            [
              -0.05379196452841817,
              51.448713300616134
            ],
            [
              -0.04908386312158723,
              51.45010984158068
            ],
            [
              -0.046143593543840865,
              51.449872023718015
            ],
            [
              -0.04165026457728302,
              51.454985834496476
            ],
            [
              -0.04615728312944215,
              51.45696749147404
            ]
          ]
        ]
      }
    },
    {
      "type": "Feature",
      "properties": {
        "name": "Greenwich",
        "gss_code": "E09000011"
      },
      "geometry": {
        "type": "Polygon",
        "coordinates": [
          [
            [
              -0.013134572826613662,
              51.46893931921962
            ],
            [
              -0.015088701100730267,
              51.46803717729682
            ],
            [
              -0.018702208605437007,
              51.46970799550778
            ],
            [
              -0.020053442498731266,
              51.47308510218072
            ],
            [
              -0.022678508926031203,
              51.47398370999297
            ],
            [
              -0.02288001125405651,
              51.47531802746646
            ],
            [
              -0.020852216239407473,
              51.47558956690548
            ],
            [
              -0.02057257124509003,
              51.47672691883282
            ],
            [
              -0.019124190953882073,
              51.4772510122011
            ],
            [
              -0.018956841935891384,
              51.47945139571922
            ],
            [
              -0.016861109504573358,
              51.48028825928854
            ],
            [
              -0.0184067818358247,
              51.48084496121961
            ],
            [
              -0.023068032020870478,
              51.4796286983668
            ],
            [
              -0.023164148331537328,
              51.48073641982964
            ],
            [
              -0.026414380759740244,
              51.48151058802253
            ],
            [
              -0.025196822166858972,
              51.4850242123797
            ],
            [
              -0.02344991871671855,
              51.48678432187104
            ],
            [
              -0.018032702494737828,
              51.48482240144929
            ],
            [
              -0.011053416140709763,
              51.484677243724974
            ],
            [
              -0.005657690953124763,
              51.48587155007065
            ],
            [
              -0.0021808258882481087,
              51.48764687404372
            ],
            [
              -0.0004180176958848743,
              51.49139376221708
            ],
            [
              -0.005174067122972753,
              51.50124083004293
            ],
            [
              -0.0032313615444191086,
              51.50448110423475
            ],
            [
              -0.00015378811972005933,
              51.50631712645255
            ],
            [
              0.003871305914540455,
              51.506752008901074
            ],
            [
              0.0073237661608600456,
              51.505631828015055
            ],
            [
              0.016216014356473,
              51.49880669499471
            ],
            [
              0.0240079862660728,
              51.496145508712985
            ],
            [
              0.04418927788369226,
              51.49736916409462
            ],
            [
              0.06002453585387859,
              51.496444565866796
            ],
            [
              0.06815939144395425,
              51.49696683757046
            ],
            [
              0.0753949050766416,
              51.498619572273185
            ],
            [
              0.07963486699887849,
              51.501557038826675
            ],
            [
              0.08494866237508776,
              51.50748785177591
            ],
            [
              0.09122292152800322,
              51.511072172192236
            ],
            [
              0.09970634640308287,
              51.51190080390502
            ],
            [
              0.10797648432182257,
              51.511536613422
            ],
            [
              0.1182894330818646,
              51.51358100525686
            ],
            [
              0.12020787606038602,
              51.51144201576066
            ],
            [
              0.12145145114528971,
              51.487642440812984
            ],
            [
              0.12416064492547185,
              51.476819929061044
            ],
            [
              0.11845431530463729,
              51.478919595938706
            ],
            [
              0.11197713515309862,
              51.47307418455976
            ],
            [
              0.10822994920067298,
              51.47612725945459
            ],
            [
              0.10616252033937314,
              51.475013332468855
            ],
            [
              0.10488988855074949,
              51.475521802424886
            ],
            [
              0.10200490729738952,
              51.474476435313754
            ],
            [
              0.09821964119892712,
              51.47546151222302
            ],
            [
              0.096547432557741,
              51.473225230093504
            ],
            [
              0.09316539783166582,
              51.472952926828796
            ],
            [
              0.08904646884687585,
              51.47041847027448
            ],
            [
              0.0857617881220461,
              51.46943378562879
            ],
            [
              0.08322244492837604,
              51.46647532839873
            ],
            [
              0.08229430457347604,
              51.466644696213805
            ],
            [
              0.08287688578260216,
              51.45983575602638
            ],
            [
              0.07863419594111523,
              51.45929055777719
            ],
            [
              0.08568262563361784,
              51.45664736301033
            ],
            [
              0.08804354662642927,
              51.44750455132576
            ],
            [
              0.08628866437362423,
              51.44531456044511
            ],
            [
              0.08737434220878282,
              51.44324485522286
            ],
            [
              0.08471192785077342,
              51.442608781379015
            ],
            [
              0.08281463708308719,
              51.44328999864846
            ],
            [
              0.08441132064550137,
              51.442011605070505
            ],
            [
              0.08178550922973053,
              51.43996293317249
            ],
            [
              0.0808557735280948,
              51.440402108236924
            ],
            [
              0.07782704866128147,
              51.43644501936451
            ],
            [
              0.07655189293803981,
              51.43688129105799
            ],
            [
              0.07496592389155807,
              51.43585721376871
            ],
            [
              0.0765033285828127,
              51.434858754924534
            ],
            [
              0.07483894443572003,
              51.43083244468954
            ],
            [
              0.0733279449998305,
              51.43177645854814
            ],
            [
              0.07193700202691876,
              51.4296517599256
            ],
            [
              0.06294058386663387,
              51.424108984032124
            ],
            [
              0.06171545934607797,
              51.42373485720719
            ],
            [
              0.06089855042783454,
              51.425080170594136
            ],
            [
              0.05858936985132959,
              51.42459017672454
            ],
            [
              0.0564149325441824,
              51.42613915315351
            ],
            [
              0.03981438019038399,
              51.44098865861971
            ],
            [
              0.030579888657027893,
              51.44431447149339
            ],
            [
              0.029573606345739537,
              51.44174197189997
            ],
            [
              0.02541494822312137,
              51.441741965158045
            ],
            [
              0.02148725765049719,
              51.44273602799954
            ],
            [
              0.020602490606034092,
              51.44420811623636
            ],
            [
              0.021490759983624222,
              51.44444459855125
            ],
            [
              0.02121569184817669,
              51.44668854717755
            ],
            [
              0.022936806412735083,
              51.4472074167762
            ],
            [
              0.02212589422976967,
              51.448723204616655
            ],
            [
              0.015059478928544532,
              51.45003194081744
            ],
            [
              0.014883062721613041,
              51.45060151832858
            ],
            [
              0.01986863684426415,
              51.45073154251872
            ],
            [
              0.019537541256865024,
              51.451708467733155
            ],
            [
              0.018337492793563302,
              51.45158525211035
            ],
            [
              0.017511255574324053,
              51.45504370891691
            ],
            [
              0.01152035792916158,
              51.456612484002015
            ],
            [
              0.008983985019355552,
              51.46474046657954
            ],
            [
              0.00909126299211545,
              51.4658717146348
            ],
            [
              0.013251294654391722,
              51.46683451568029
            ],
            [
              0.012604503735347982,
              51.46980423579945
            ],
            [
              0.016534580686098563,
              51.46913418872498
            ],
            [
              0.014980705759919607,
              51.4730817443301
            ],
            [
              0.018125161210469257,
              51.47385499267609
            ],
            [
              -0.0003662954532565735,
              51.47183372269573
            ],
            [
              -0.014066485918920296,
              51.47267809236073
            ],
            [
              -0.015185828074594553,
              51.47177079794386
            ],
            [
              -0.013134572826613662,
              51.46893931921962
            ]
          ]
        ]
      }
    },
    {
      "type": "Feature",
      "properties": {
        "name": "Bexley",
        "gss_code": "E09000004"
      },
      "geometry": {
        "type": "Polygon",
        "coordinates": [
          [
            [
              0.11885499195998786,
              51.41327307542283
            ],
            [
              0.1131001803676782,
              51.41290936029086
            ],
            [
              0.10323453226985334,
              51.41572178316388
            ],
            [
              0.09006281115678491,
              51.423331641925266
            ],
            [
              0.08290340036521415,
              51.43005989387519
            ],
            [
              0.0746540055445092,
              51.432148678710575
            ],
            [
              0.0765033285828127,
              51.434858754924534
            ],
            [
              0.07496592389155807,
              51.43585721376871
            ],
            [
              0.07655189293803981,
              51.43688129105799
            ],
            [
              0.07782704866128147,
              51.43644501936451
            ],
            [
              0.0808557735280948,
              51.440402108236924
            ],
            [
              0.08178550922973053,
              51.43996293317249
            ],
            [
              0.08441132064550137,
              51.442011605070505
            ],
            [
              0.08282295112607432,
              51.44284020730941
            ],
            [
              0.08321472389737819,
              51.443543681695004
            ],
            [
              0.08471192785077342,
              51.442608781379015
            ],
            [
              0.08737434220878282,
              51.44324485522286
            ],
            [
              0.08628866437362423,
              51.44531456044511
            ],
            [
              0.08804354662642927,
              51.44750455132576
            ],
            [
              0.08568262563361784,
              51.45664736301033
            ],
            [
              0.07863419594111523,
              51.45929055777719
            ],
            [
              0.08287688578260216,
              51.45983575602638
            ],
            [
              0.08218296535539242,
              51.46641285996197
            ],
            [
              0.08322244492837604,
              51.46647532839873
            ],
            [
              0.08479386278203312,
              51.46873157524034
            ],
            [
              0.09316539783166582,
              51.472952926828796
            ],
            [
              0.096547432557741,
              51.473225230093504
            ],
            [
              0.09821964119892712,
              51.47546151222302
            ],
            [
              0.10200490729738952,
              51.474476435313754
            ],
            [
              0.10488988855074949,
              51.475521802424886
            ],
            [
              0.10616252033937314,
              51.475013332468855
            ],
            [
              0.10822994920067298,
              51.47612725945459
            ],
            [
              0.11197713515309862,
              51.47307418455976
            ],
            [
              0.11845431530463729,
              51.478919595938706
            ],
            [
              0.12416064492547185,
              51.476819929061044
            ],
            [
              0.12145145114528971,
              51.487642440812984
            ],
            [
              0.12053511270877634,
              51.51104041458124
            ],
            [
              0.1182894330818646,
              51.51358100525686
            ],
            [
              0.12385796283979032,
              51.51524288495204
            ],
            [
              0.12900232287069968,
              51.51552730690622
            ],
            [
              0.1379859971129176,
              51.51407789708458
            ],
            [
              0.14993942397056567,
              51.50990250583687
            ],
            [
              0.16358420905378854,
              51.508014849908456
            ],
            [
              0.1696565146458007,
              51.505699396959905
            ],
            [
              0.17494458185080022,
              51.50114994459667
            ],
            [
              0.1805550832326184,
              51.488284776772886
            ],
            [
              0.18613265240650498,
              51.485033379998455
            ],
            [
              0.19555508419078127,
              51.484182836473536
            ],
            [
              0.21255651955002344,
              51.48577872692725
            ],
            [
              0.2171812450439302,
              51.48490896898238
            ],
            [
              0.22367849785392627,
              51.482267876228924
            ],
            [
              0.22012631764030302,
              51.48000600960079
            ],
            [
              0.21689532425253272,
              51.47990527695088
            ],
            [
              0.21644241820804566,
              51.47680226208254
            ],
            [
              0.2115354746964158,
              51.4750963315571
            ],
            [
              0.2118526945298373,
              51.473318725906545
            ],
            [
              0.2087722063362318,
              51.47095769007751
            ],
            [
              0.21144017157970613,
              51.46836237034673
            ],
            [
              0.21057984288405884,
              51.46247918266695
            ],
            [
              0.2032450575998139,
              51.45875028218429
            ],
            [
              0.2025443035683513,
              51.45615547890989
            ],
            [
              0.20380253513248078,
              51.45597894788357
            ],
            [
              0.20331979788664253,
              51.45432431554903
            ],
            [
              0.19798993668307793,
              51.451843389170776
            ],
            [
              0.19595755534876863,
              51.45178256056669
            ],
            [
              0.195856158873106,
              51.452369005688446
            ],
            [
              0.1929887295854821,
              51.45170324910214
            ],
            [
              0.19099254386519404,
              51.448790875096044
            ],
            [
              0.1876204318217808,
              51.44870098089245
            ],
            [
              0.18743216172683513,
              51.4468699222816
            ],
            [
              0.1842465719113905,
              51.44465410259502
            ],
            [
              0.18105808511003205,
              51.4441828934199
            ],
            [
              0.17955369100727872,
              51.44311373338428
            ],
            [
              0.17869332257228296,
              51.443480456747025
            ],
            [
              0.17598953696514616,
              51.442001877040454
            ],
            [
              0.17282526829025358,
              51.44324765675127
            ],
            [
              0.1669958194730354,
              51.43562161485109
            ],
            [
              0.1666614950007835,
              51.43129317329869
            ],
            [
              0.16430353492588634,
              51.42858488697074
            ],
            [
              0.16067226124540981,
              51.42967709476743
            ],
            [
              0.15981527331815878,
              51.429198277514395
            ],
            [
              0.15905821782206667,
              51.4302284351109
            ],
            [
              0.15585156195436997,
              51.430872011816106
            ],
            [
              0.15373734992800828,
              51.42752053087846
            ],
            [
              0.15297325508450405,
              51.42197690511054
            ],
            [
              0.15113130160522556,
              51.42042796564427
            ],
            [
              0.1546061284486404,
              51.41846660480941
            ],
            [
              0.1540697909647124,
              51.41776601837972
            ],
            [
              0.15102798779205542,
              51.41761505563833
            ],
            [
              0.1511237252209268,
              51.41505928743672
            ],
            [
              0.14913096486070557,
              51.41243392588203
            ],
            [
              0.1497273480411205,
              51.41165858113918
            ],
            [
              0.1537500356659011,
              51.41126995573348
            ],
            [
              0.15291090037550387,
              51.408713376731555
            ],
            [
              0.14929282417521852,
              51.40913951887708
            ],
            [
              0.14887372517153785,
              51.40848172340405
            ],
            [
              0.13432572219156577,
              51.413819661462234
            ],
            [
              0.12978374362529446,
              51.414801599382606
            ],
            [
              0.12539689297226642,
              51.41479132012842
            ],
            [
              0.11885499195998786,
              51.41327307542283
            ]
          ]
        ]
      }
    },
    {
      "type": "Feature",
      "properties": {
        "name": "Enfield",
        "gss_code": "E09000010"
      },
      "geometry": {
        "type": "Polygon",
        "coordinates": [
          [
            [
              -0.10579731045295483,
              51.691876216616684
            ],
            [
              -0.09480258993217337,
              51.69011575005017
            ],
            [
              -0.08394323343453063,
              51.68996608356929
            ],
            [
              -0.0790251431728189,
              51.68891458051757
            ],
            [
              -0.06636485149807488,
              51.68384197590845
            ],
            [
              -0.062046166840994475,
              51.6830064451255
            ],
            [
              -0.05662214826160136,
              51.68298876072156
            ],
            [
              -0.04920390176369698,
              51.684268591364265
            ],
            [
              -0.04369923099525205,
              51.68309794539601
            ],
            [
              -0.011088938056017678,
              51.68086864974348
            ],
            [
              -0.01034897194840721,
              51.67662967113139
            ],
            [
              -0.011518857182608902,
              51.663790286982056
            ],
            [
              -0.008950906045635835,
              51.66035661642501
            ],
            [
              -0.011818678622429624,
              51.65297743185335
            ],
            [
              -0.013520399389789876,
              51.639184797604685
            ],
            [
              -0.015270617014111393,
              51.63550949401014
            ],
            [
              -0.025580632860727516,
              51.62205073119163
            ],
            [
              -0.03512340919212795,
              51.613506120449635
            ],
            [
              -0.03560367169592363,
              51.61208435218259
            ],
            [
              -0.034231521135729734,
              51.60907587067877
            ],
            [
              -0.04144202336342884,
              51.60563538035504
            ],
            [
              -0.05437356587331123,
              51.60886293219876
            ],
            [
              -0.08584566057365592,
              51.60847215206738
            ],
            [
              -0.0924775444637446,
              51.60909268352306
            ],
            [
              -0.09515309192253488,
              51.608659534689444
            ],
            [
              -0.09580509874282962,
              51.609299583697414
            ],
            [
              -0.1025444349174175,
              51.60804187194143
            ],
            [
              -0.11082481660092534,
              51.60861606264491
            ],
            [
              -0.11751428307615865,
              51.60820197703503
            ],
            [
              -0.12354487391476716,
              51.60870319623216
            ],
            [
              -0.12535376544592144,
              51.61001801149835
            ],
            [
              -0.12633632985205098,
              51.60930531590762
            ],
            [
              -0.12869521393685654,
              51.60954077787928
            ],
            [
              -0.13496800888135546,
              51.611187301009466
            ],
            [
              -0.1387782089575522,
              51.61019566947113
            ],
            [
              -0.14454183988918864,
              51.61548450295273
            ],
            [
              -0.14205888210345685,
              51.616155627120776
            ],
            [
              -0.13546199972922965,
              51.62168924440636
            ],
            [
              -0.1335366955645622,
              51.62636165449352
            ],
            [
              -0.1304652758822059,
              51.629379177671254
            ],
            [
              -0.13114728742499615,
              51.62965980703125
            ],
            [
              -0.12914738288469294,
              51.63226271505864
            ],
            [
              -0.13329670910421906,
              51.63326396666889
            ],
            [
              -0.13453848084484443,
              51.63469550241686
            ],
            [
              -0.14082026378856613,
              51.63797843234329
            ],
            [
              -0.14510961152802396,
              51.6426503464859
            ],
            [
              -0.14792215686185728,
              51.642083267124406
            ],
            [
              -0.14918029589212667,
              51.6452594091977
            ],
            [
              -0.15174887906545054,
              51.64536281526266
            ],
            [
              -0.15106688870313306,
              51.647204494129994
            ],
            [
              -0.15227812117431463,
              51.647987906601045
            ],
            [
              -0.14991800827751928,
              51.64879602112659
            ],
            [
              -0.15102247469581287,
              51.650072340800925
            ],
            [
              -0.15227471014841545,
              51.64984926016337
            ],
            [
              -0.15479065161034436,
              51.65552699396503
            ],
            [
              -0.16050953375882762,
              51.65674974686117
            ],
            [
              -0.16350291716148693,
              51.65816342580083
            ],
            [
              -0.18588511805486774,
              51.662836598471095
            ],
            [
              -0.18211166702232742,
              51.66860522344525
            ],
            [
              -0.17673633825118942,
              51.672100809821146
            ],
            [
              -0.17703121987996875,
              51.67268089095554
            ],
            [
              -0.17547312725662262,
              51.672584758204266
            ],
            [
              -0.17535173527695871,
              51.67344612786797
            ],
            [
              -0.17250255213864243,
              51.67308709956675
            ],
            [
              -0.16363626037229803,
              51.68239965925698
            ],
            [
              -0.16352100296814315,
              51.68810793097705
            ],
            [
              -0.1493908332580534,
              51.685512200235046
            ],
            [
              -0.1353996777968549,
              51.688725974178375
            ],
            [
              -0.1182755024228575,
              51.688938471234664
            ],
            [
              -0.10977033551599585,
              51.69167045053559
            ],
            [
              -0.10579731045295483,
              51.691876216616684
            ]
          ]
        ]
      }
    },
    {
      "type": "Feature",
      "properties": {
        "name": "Waltham Forest",
        "gss_code": "E09000031"
      },
      "geometry": {
        "type": "Polygon",
        "coordinates": [
          [
            [
              0.019240577931171423,
              51.60822209666591
            ],
            [
              0.012899069407573892,
              51.59905069399475
            ],
            [
              0.01208863931442975,
              51.59214929914241
            ],
            [
              0.013364524538482733,
              51.58378229437837
            ],
            [
              0.015497749795427788,
              51.583385970919664
            ],
            [
              0.015235893797788743,
              51.58170885216218
            ],
            [
              0.017414612945007422,
              51.57745388383935
            ],
            [
              0.016347668826001548,
              51.57291296926752
            ],
            [
              0.01801104959975264,
              51.57202108251629
            ],
            [
              0.01887695620251322,
              51.57234790648724
            ],
            [
              0.019126758036784874,
              51.5698436600701
            ],
            [
              0.017661961380066694,
              51.570003746885185
            ],
            [
              0.018688785829593355,
              51.566146235460536
            ],
            [
              0.014436871089851196,
              51.56559882217935
            ],
            [
              0.014190167843752675,
              51.56132256889734
            ],
            [
              0.014756300838063084,
              51.55944238184718
            ],
            [
              0.017740302552339333,
              51.558410903968664
            ],
            [
              0.021536372817316202,
              51.55487439754287
            ],
            [
              0.016946312640415576,
              51.55318184902307
            ],
            [
              0.014572557879507777,
              51.554958213581806
            ],
            [
              0.011627247988829754,
              51.55392064368403
            ],
            [
              0.011114530355335923,
              51.55439705078527
            ],
            [
              0.009615102798266611,
              51.5534335552624
            ],
            [
              0.010818407050389462,
              51.552261880015855
            ],
            [
              0.009504056244944629,
              51.55124125507021
            ],
            [
              0.005497478632495117,
              51.55066234535904
            ],
            [
              0.005737816800792927,
              51.55186324890268
            ],
            [
              0.003079571142657802,
              51.55209751093087
            ],
            [
              -0.008670436280805778,
              51.54992349107129
            ],
            [
              -0.009479227186172855,
              51.552212347161
            ],
            [
              -0.01060106959732361,
              51.55261805793594
            ],
            [
              -0.017131232855544683,
              51.55138871142022
            ],
            [
              -0.018466638340089058,
              51.55517917222492
            ],
            [
              -0.023968515301637905,
              51.55737623296843
            ],
            [
              -0.02513587247118919,
              51.559401233927645
            ],
            [
              -0.029166058334457987,
              51.56128550134811
            ],
            [
              -0.03330669546156208,
              51.56061759014259
            ],
            [
              -0.036413561578382096,
              51.56150593565137
            ],
            [
              -0.04253607851649948,
              51.561383426305184
            ],
            [
              -0.047073760901351576,
              51.56255613379781
            ],
            [
              -0.047480772885548965,
              51.56517973873327
            ],
            [
              -0.05843645189726911,
              51.57252858116376
            ],
            [
              -0.06221752124335889,
              51.57965020493952
            ],
            [
              -0.05225232322517758,
              51.5875605028889
            ],
            [
              -0.0534850214225493,
              51.590467549619014
            ],
            [
              -0.050475451927757375,
              51.596694360825126
            ],
            [
              -0.04647292155077929,
              51.59979316730232
            ],
            [
              -0.04123225240944963,
              51.60581172973005
            ],
            [
              -0.034231521135729734,
              51.60907587067877
            ],
            [
              -0.03523220529148635,
              51.613328091706464
            ],
            [
              -0.025580632860727516,
              51.62205073119163
            ],
            [
              -0.015270617014111393,
              51.63550949401014
            ],
            [
              -0.013274712506745489,
              51.63984608425896
            ],
            [
              -0.01228726781515524,
              51.64623201787558
            ],
            [
              -0.00737601077653995,
              51.64615776196761
            ],
            [
              -0.008224884901109184,
              51.6436093073552
            ],
            [
              -0.004585680034966235,
              51.64353852077494
            ],
            [
              -0.004014599611153057,
              51.642719489189616
            ],
            [
              -0.0005165798441581212,
              51.64371209067023
            ],
            [
              0.0010452352178807538,
              51.64176108723084
            ],
            [
              0.009876677751278179,
              51.641448367354606
            ],
            [
              0.01739721167796304,
              51.64025826281407
            ],
            [
              0.02269592420834581,
              51.641111308209965
            ],
            [
              0.023050605114083352,
              51.63771501257981
            ],
            [
              0.02512689480686637,
              51.63728354378572
            ],
            [
              0.02571395433066004,
              51.634566661152526
            ],
            [
              0.02386973793145742,
              51.63079462385884
            ],
            [
              0.020954311845434177,
              51.62892044575489
            ],
            [
              0.0188072205015783,
              51.62319316835638
            ],
            [
              0.014316159536933467,
              51.62030277984521
            ],
            [
              0.014499873587880517,
              51.618905782264854
            ],
            [
              0.008671356993015827,
              51.619077605919564
            ],
            [
              0.01625791410972207,
              51.616852273581614
            ],
            [
              0.021046470438008006,
              51.61246248452448
            ],
            [
              0.02137786826258204,
              51.61114386308059
            ],
            [
              0.019240577931171423,
              51.60822209666591
            ]
          ]
        ]
      }
    },
    {
      "type": "Feature",
      "properties": {
        "name": "Lambeth",
        "gss_code": "E09000022"
      },
      "geometry": {
        "type": "Polygon",
        "coordinates": [
          [
            [
              -0.07830085730601628,
              51.42061083390376
            ],
            [
              -0.07909917949894496,
              51.41975162897131
            ],
            [
              -0.08618103567014375,
              51.419273971759566
            ],
            [
              -0.09364401627270878,
              51.42276786272003
            ],
            [
              -0.10605073135866618,
              51.42257333388283
            ],
            [
              -0.11268255949812593,
              51.42324685382964
            ],
            [
              -0.11571215669144498,
              51.42057981730651
            ],
            [
              -0.1198410631472805,
              51.418802632665546
            ],
            [
              -0.12446466435428914,
              51.41336421629998
            ],
            [
              -0.12788516856550508,
              51.41200706010326
            ],
            [
              -0.13357072514743454,
              51.412934064748775
            ],
            [
              -0.13409563037557398,
              51.41099101742433
            ],
            [
              -0.14258527496187795,
              51.41333807161099
            ],
            [
              -0.14486722357138881,
              51.412385025845104
            ],
            [
              -0.14809765649273596,
              51.41286776487094
            ],
            [
              -0.13785483698443682,
              51.42110458681266
            ],
            [
              -0.13892204387270818,
              51.424574709508256
            ],
            [
              -0.13840568239517584,
              51.43055559892064
            ],
            [
              -0.1352641403718061,
              51.43033480092419
            ],
            [
              -0.13646001528352936,
              51.433824973174644
            ],
            [
              -0.13785757820052688,
              51.43377524347949
            ],
            [
              -0.13911030613790637,
              51.4348113044845
            ],
            [
              -0.13997566341617992,
              51.436884348394436
            ],
            [
              -0.13767642142550082,
              51.43858341504814
            ],
            [
              -0.13589668847699138,
              51.44200828870445
            ],
            [
              -0.14361620782137657,
              51.441843031243685
            ],
            [
              -0.14569791332876914,
              51.44586869294546
            ],
            [
              -0.1447980194094018,
              51.448543239916916
            ],
            [
              -0.14232388652876407,
              51.45099500686294
            ],
            [
              -0.1477241944372892,
              51.452339420256
            ],
            [
              -0.1512357515106169,
              51.465883704964035
            ],
            [
              -0.15061852026916708,
              51.46761852701128
            ],
            [
              -0.1345575796119811,
              51.47345205849473
            ],
            [
              -0.1349527268077821,
              51.47470831141803
            ],
            [
              -0.12995030708817526,
              51.481184215723445
            ],
            [
              -0.12749628804307295,
              51.48202632404033
            ],
            [
              -0.12635945206454136,
              51.484463134303034
            ],
            [
              -0.12949856007644814,
              51.48588911182819
            ],
            [
              -0.12397582825635761,
              51.491304332184306
            ],
            [
              -0.12080656886393389,
              51.505668644739266
            ],
            [
              -0.11806247612561169,
              51.50826845076891
            ],
            [
              -0.1139191626663952,
              51.509496819322095
            ],
            [
              -0.10919133247012736,
              51.50987032122142
            ],
            [
              -0.10880540020583146,
              51.507705886864514
            ],
            [
              -0.107362222517149,
              51.5070621201948
            ],
            [
              -0.10646867801843772,
              51.50497940921116
            ],
            [
              -0.10639136673498834,
              51.50336849297997
            ],
            [
              -0.10745815695557531,
              51.503008025526924
            ],
            [
              -0.10594179266879754,
              51.502048319184006
            ],
            [
              -0.11144697806138758,
              51.49644481099894
            ],
            [
              -0.110952922394441,
              51.49550162687613
            ],
            [
              -0.1048977582382244,
              51.493524482595106
            ],
            [
              -0.10315337207983429,
              51.49147294934724
            ],
            [
              -0.10845681771773413,
              51.485848329308126
            ],
            [
              -0.10635048539693222,
              51.48488809666934
            ],
            [
              -0.10722264168969824,
              51.48365220876886
            ],
            [
              -0.10405282889198295,
              51.48090322152083
            ],
            [
              -0.1082400869628531,
              51.480296407811686
            ],
            [
              -0.10000061450751907,
              51.4768718927594
            ],
            [
              -0.10062694860409623,
              51.474274185187774
            ],
            [
              -0.09600026095882196,
              51.46988268876434
            ],
            [
              -0.09308452579821297,
              51.472128420237254
            ],
            [
              -0.0927218881732409,
              51.46977544783235
            ],
            [
              -0.0900794812954666,
              51.46616235947109
            ],
            [
              -0.09221880145528906,
              51.46112534699612
            ],
            [
              -0.09584291112038447,
              51.45740736038408
            ],
            [
              -0.10094405296867145,
              51.454153838569226
            ],
            [
              -0.1014237645142857,
              51.45195841316118
            ],
            [
              -0.10075810318012751,
              51.45031097035596
            ],
            [
              -0.09514204215223891,
              51.44554366950857
            ],
            [
              -0.08831677200923935,
              51.4294435897667
            ],
            [
              -0.0858960456925464,
              51.42850481292545
            ],
            [
              -0.08347955389777716,
              51.422997766219304
            ],
            [
              -0.08172375834842975,
              51.42336471987617
            ],
            [
              -0.08089544226426644,
              51.421849378450105
            ],
            [
              -0.0798621180841189,
              51.42213820521864
            ],
            [
              -0.07830085730601628,
              51.42061083390376
            ]
          ]
        ]
      }
    },
    {
      "type": "Feature",
      "properties": {
        "name": "Redbridge",
        "gss_code": "E09000026"
      },
      "geometry": {
        "type": "Polygon",
        "coordinates": [
          [
            [
              0.019240577931171423,
              51.60822209666591
            ],
            [
              0.02137786826258204,
              51.61114386308059
            ],
            [
              0.021046470438008006,
              51.61246248452448
            ],
            [
              0.01625791410972207,
              51.616852273581614
            ],
            [
              0.008671356993015827,
              51.619077605919564
            ],
            [
              0.014499873587880517,
              51.618905782264854
            ],
            [
              0.014316159536933467,
              51.62030277984521
            ],
            [
              0.0188072205015783,
              51.62319316835638
            ],
            [
              0.02134893006120821,
              51.6290215620775
            ],
            [
              0.029049197602930066,
              51.62511184615386
            ],
            [
              0.04087731105817742,
              51.61567142020612
            ],
            [
              0.04367902689646294,
              51.61694458316143
            ],
            [
              0.05367768977916039,
              51.618280827162486
            ],
            [
              0.054184861179496245,
              51.61671623259127
            ],
            [
              0.05015444173468995,
              51.61639102378766
            ],
            [
              0.04845869035015502,
              51.61498181460669
            ],
            [
              0.04819136157005699,
              51.613214937939965
            ],
            [
              0.04890072381021766,
              51.613571254017145
            ],
            [
              0.05260039109110642,
              51.61201384177784
            ],
            [
              0.06254398666581742,
              51.60705545348177
            ],
            [
              0.06398117842348403,
              51.607219033653756
            ],
            [
              0.07280568008575002,
              51.604689460800955
            ],
            [
              0.07913738787392194,
              51.607041450283404
            ],
            [
              0.08444949023563313,
              51.60635371175866
            ],
            [
              0.08712117748220809,
              51.604462736245175
            ],
            [
              0.08890097179875439,
              51.60485372730057
            ],
            [
              0.09255841674072551,
              51.60619142954755
            ],
            [
              0.09184244060611498,
              51.6082095567959
            ],
            [
              0.09480566954604822,
              51.61077357106845
            ],
            [
              0.09226227223635042,
              51.613570690988546
            ],
            [
              0.09803855789332494,
              51.6154189894686
            ],
            [
              0.10013845008167697,
              51.61271960658266
            ],
            [
              0.10339335990011171,
              51.61345267603517
            ],
            [
              0.10381364237708739,
              51.61254587634186
            ],
            [
              0.1095991144742636,
              51.61396179482825
            ],
            [
              0.11668447423745812,
              51.61691872241034
            ],
            [
              0.11928471817462827,
              51.61537002297616
            ],
            [
              0.12416558318389827,
              51.61750298793704
            ],
            [
              0.1291603149005343,
              51.6214412184867
            ],
            [
              0.13578895187716084,
              51.62354198950586
            ],
            [
              0.13815843394286303,
              51.62354381513097
            ],
            [
              0.1474686079080537,
              51.612348775138685
            ],
            [
              0.14947795592194885,
              51.6029055876325
            ],
            [
              0.14817992998137744,
              51.59896355303085
            ],
            [
              0.14657040797458806,
              51.59943364875684
            ],
            [
              0.12955439749073447,
              51.59004949269955
            ],
            [
              0.1310097767405426,
              51.5875230906291
            ],
            [
              0.1263674463290588,
              51.58672601614911
            ],
            [
              0.12776053288409459,
              51.58162885782311
            ],
            [
              0.13253810453321904,
              51.5813173082389
            ],
            [
              0.13346828405538572,
              51.580221268855986
            ],
            [
              0.13080111449284343,
              51.57936146576416
            ],
            [
              0.131604112047264,
              51.577089699430545
            ],
            [
              0.12917250545519,
              51.57632450096011
            ],
            [
              0.12942297180449214,
              51.5739638536239
            ],
            [
              0.1300743601471993,
              51.57307973235009
            ],
            [
              0.1308812876288826,
              51.57336184140035
            ],
            [
              0.1315600485722906,
              51.571829735500906
            ],
            [
              0.12990117633272405,
              51.57153612148681
            ],
            [
              0.12930388268423113,
              51.566475043849216
            ],
            [
              0.12472436674899828,
              51.564192970442726
            ],
            [
              0.11903026161193368,
              51.56306394489398
            ],
            [
              0.1197539936342932,
              51.562493319769516
            ],
            [
              0.11747829746347933,
              51.559162130025335
            ],
            [
              0.1204935200946707,
              51.55854112526911
            ],
            [
              0.11893758055226872,
              51.557346222201836
            ],
            [
              0.11332453357724967,
              51.557321570329556
            ],
            [
              0.11272489138091174,
              51.55652302239999
            ],
            [
              0.11473234927511994,
              51.555326786935666
            ],
            [
              0.11191126216210814,
              51.552661792408045
            ],
            [
              0.10840765567075084,
              51.55269783523555
            ],
            [
              0.10422074255514328,
              51.549805400883535
            ],
            [
              0.09350964268471239,
              51.54585138334385
            ],
            [
              0.09260240075658734,
              51.54965351617534
            ],
            [
              0.09148684060571816,
              51.5482885282327
            ],
            [
              0.08599354606701948,
              51.547388144702396
            ],
            [
              0.07790789621964929,
              51.54403347408829
            ],
            [
              0.07679482902501812,
              51.544610734342925
            ],
            [
              0.07178608520235008,
              51.54356621895479
            ],
            [
              0.06831978546029567,
              51.54440975380016
            ],
            [
              0.0677890235528089,
              51.5530611060214
            ],
            [
              0.06695059553851498,
              51.55302192484721
            ],
            [
              0.06580068233157785,
              51.55565905518551
            ],
            [
              0.0635960182937752,
              51.557307547828024
            ],
            [
              0.06015146073841938,
              51.55642385280419
            ],
            [
              0.05912151373431025,
              51.55693653230519
            ],
            [
              0.05446885217706459,
              51.559652956119
            ],
            [
              0.05032129679356764,
              51.5639880378257
            ],
            [
              0.04192586699621959,
              51.561454637202864
            ],
            [
              0.0428553527952395,
              51.55837195826108
            ],
            [
              0.046302295928064986,
              51.55481373822972
            ],
            [
              0.03534421783351504,
              51.555256154581784
            ],
            [
              0.025337490271046512,
              51.55406244892322
            ],
            [
              0.025273623896131192,
              51.55554733851982
            ],
            [
              0.023758087207256355,
              51.55552852788561
            ],
            [
              0.023352649527175525,
              51.556794491168134
            ],
            [
              0.0204990121145805,
              51.55620519342116
            ],
            [
              0.017137129308642553,
              51.55879896646377
            ],
            [
              0.014756300838063084,
              51.55944238184718
            ],
            [
              0.014436871089851196,
              51.56559882217935
            ],
            [
              0.018688785829593355,
              51.566146235460536
            ],
            [
              0.017661961380066694,
              51.570003746885185
            ],
            [
              0.019126758036784874,
              51.5698436600701
            ],
            [
              0.01887695620251322,
              51.57234790648724
            ],
            [
              0.01801104959975264,
              51.57202108251629
            ],
            [
              0.016347668826001548,
              51.57291296926752
            ],
            [
              0.017414612945007422,
              51.57745388383935
            ],
            [
              0.015235893797788743,
              51.58170885216218
            ],
            [
              0.015497749795427788,
              51.583385970919664
            ],
            [
              0.013364524538482733,
              51.58378229437837
            ],
            [
              0.012083612564865122,
              51.59268894020963
            ],
            [
              0.012899069407573892,
              51.59905069399475
            ],
            [
              0.019240577931171423,
              51.60822209666591
            ]
          ]
        ]
      }
    },
    {
      "type": "Feature",
      "properties": {
        "name": "Sutton",
        "gss_code": "E09000029"
      },
      "geometry": {
        "type": "Polygon",
        "coordinates": [
          [
            [
              -0.15657317524483763,
              51.32150975592159
            ],
            [
              -0.15865573622679172,
              51.32397955470702
            ],
            [
              -0.16062267601260405,
              51.32324608117647
            ],
            [
              -0.16421380638822927,
              51.32604521589949
            ],
            [
              -0.1643891072959914,
              51.328125286062175
            ],
            [
              -0.16232016249128897,
              51.32889319358524
            ],
            [
              -0.16309794774246084,
              51.330263298457346
            ],
            [
              -0.17009132587057663,
              51.32947350355967
            ],
            [
              -0.16991710067993662,
              51.33024415579054
            ],
            [
              -0.17288336644873267,
              51.33001169495979
            ],
            [
              -0.17416285184143818,
              51.333215072044474
            ],
            [
              -0.18201847425652876,
              51.33785161194213
            ],
            [
              -0.18738705955306106,
              51.340785503143664
            ],
            [
              -0.19712754453446113,
              51.343561699679746
            ],
            [
              -0.2012201597231775,
              51.3398836678095
            ],
            [
              -0.20231763617219348,
              51.340089363339494
            ],
            [
              -0.2130616136361459,
              51.33554161011828
            ],
            [
              -0.21192808978321262,
              51.333312112441455
            ],
            [
              -0.21412467330131488,
              51.33035106504828
            ],
            [
              -0.21592345601580185,
              51.329865897044826
            ],
            [
              -0.22096197891649264,
              51.329861606444545
            ],
            [
              -0.22922762393815668,
              51.335886053975514
            ],
            [
              -0.22984904269515016,
              51.336524933110766
            ],
            [
              -0.21729387520511,
              51.34338475778194
            ],
            [
              -0.220443104890105,
              51.351418117561195
            ],
            [
              -0.22211252783943344,
              51.3513265628481
            ],
            [
              -0.22276581254790528,
              51.35708277105451
            ],
            [
              -0.22689053998886952,
              51.36259480599788
            ],
            [
              -0.23322319356279478,
              51.36600875520697
            ],
            [
              -0.23383846443524303,
              51.36532560152321
            ],
            [
              -0.2370819146266949,
              51.36690319657311
            ],
            [
              -0.24091228710621762,
              51.367041705884255
            ],
            [
              -0.2411719668181939,
              51.36626324853328
            ],
            [
              -0.24543055103156128,
              51.366848675345445
            ],
            [
              -0.24455946440544749,
              51.370468633959476
            ],
            [
              -0.24498922902022613,
              51.38064568399629
            ],
            [
              -0.24417612611883643,
              51.38349314083823
            ],
            [
              -0.2429328528895171,
              51.382934949083236
            ],
            [
              -0.23874472364584665,
              51.38609141215044
            ],
            [
              -0.23971392575408773,
              51.38929833941127
            ],
            [
              -0.2346645630346848,
              51.39053529176597
            ],
            [
              -0.2339253450011371,
              51.387709476445714
            ],
            [
              -0.22774650457658147,
              51.38395620151194
            ],
            [
              -0.2181362610416506,
              51.38015045833798
            ],
            [
              -0.2097873219593385,
              51.388251426832944
            ],
            [
              -0.20502824814579781,
              51.38609233393886
            ],
            [
              -0.20351778976858353,
              51.3872292320647
            ],
            [
              -0.20050514691712218,
              51.384889886323634
            ],
            [
              -0.19394922987909013,
              51.38787348643276
            ],
            [
              -0.18841163590864238,
              51.385431932210274
            ],
            [
              -0.17926904539878225,
              51.38983150102682
            ],
            [
              -0.1748720354687584,
              51.39341410460036
            ],
            [
              -0.17114523202946894,
              51.39242975512885
            ],
            [
              -0.16645367520734863,
              51.38969461254357
            ],
            [
              -0.16528630368498323,
              51.38797672834183
            ],
            [
              -0.16098084191818246,
              51.38781930566017
            ],
            [
              -0.1579035179317856,
              51.389290725265134
            ],
            [
              -0.14437988096415993,
              51.39067802977155
            ],
            [
              -0.14190383833193818,
              51.389352838656336
            ],
            [
              -0.1348672425595102,
              51.390967635847375
            ],
            [
              -0.13263025578345064,
              51.39013165732737
            ],
            [
              -0.13325768406019747,
              51.389548137819645
            ],
            [
              -0.1294876482831337,
              51.38718588439842
            ],
            [
              -0.1306607838327057,
              51.386260374147675
            ],
            [
              -0.12875963803086518,
              51.38565449443905
            ],
            [
              -0.1295362440636838,
              51.38528920164234
            ],
            [
              -0.12865851481357654,
              51.38249644220244
            ],
            [
              -0.13030782053756118,
              51.38222601428432
            ],
            [
              -0.12807891886636866,
              51.38049979613636
            ],
            [
              -0.12583578765402909,
              51.37560787216511
            ],
            [
              -0.1278536816035906,
              51.37474985662522
            ],
            [
              -0.12473690844808402,
              51.37366584697836
            ],
            [
              -0.12330452239459552,
              51.371097970517795
            ],
            [
              -0.1220985526232757,
              51.36580890726919
            ],
            [
              -0.12405979034076488,
              51.36527378795388
            ],
            [
              -0.1213092869175372,
              51.36473511003835
            ],
            [
              -0.12092237250667236,
              51.363308052292695
            ],
            [
              -0.12183396625823341,
              51.359986365745236
            ],
            [
              -0.12292858034857994,
              51.35991398343432
            ],
            [
              -0.1218574749412052,
              51.35906049043291
            ],
            [
              -0.12470951605644671,
              51.35886337893624
            ],
            [
              -0.12457217579552576,
              51.35835758685874
            ],
            [
              -0.12419335714755227,
              51.357434261894866
            ],
            [
              -0.12142348119956886,
              51.35773159824962
            ],
            [
              -0.11691629324393026,
              51.34575282001535
            ],
            [
              -0.12686069853262055,
              51.34486012204877
            ],
            [
              -0.12734017407029655,
              51.34718791909606
            ],
            [
              -0.1283778757260103,
              51.34744730931194
            ],
            [
              -0.12898740634672193,
              51.346584750675255
            ],
            [
              -0.1314371086284024,
              51.34602134203148
            ],
            [
              -0.1311289909075512,
              51.34547686131724
            ],
            [
              -0.13289696575373147,
              51.345433115179056
            ],
            [
              -0.13251213146265006,
              51.34430288653059
            ],
            [
              -0.13672961492831173,
              51.34475674200538
            ],
            [
              -0.14459106737960922,
              51.3420937886176
            ],
            [
              -0.14346110352737898,
              51.34056510285455
            ],
            [
              -0.14452376584618193,
              51.33949382044691
            ],
            [
              -0.14755335103409253,
              51.33877739291782
            ],
            [
              -0.14561269253790796,
              51.33243377497887
            ],
            [
              -0.1440616286961535,
              51.33067360436609
            ],
            [
              -0.1493346781910112,
              51.328769649768205
            ],
            [
              -0.1444605804725798,
              51.3264803081059
            ],
            [
              -0.14558539372520574,
              51.32350353489287
            ],
            [
              -0.15059059020903204,
              51.32217082147777
            ],
            [
              -0.152724233478939,
              51.32300485247323
            ],
            [
              -0.15657317524483763,
              51.32150975592159
            ]
          ]
        ]
      }
    },
    {
      "type": "Feature",
      "properties": {
        "name": "Richmond upon Thames",
        "gss_code": "E09000027"
      },
      "geometry": {
        "type": "Polygon",
        "coordinates": [
          [
            [
              -0.3516366475072995,
              51.4080388194588
            ],
            [
              -0.3551247597930554,
              51.409805379242044
            ],
            [
              -0.3553783364993817,
              51.41075314199923
            ],
            [
              -0.3600055622684391,
              51.41204094985853
            ],
            [
              -0.3647668070098046,
              51.41159490845633
            ],
            [
              -0.373170139666407,
              51.40860047960803
            ],
            [
              -0.3781129083398116,
              51.40788664545183
            ],
            [
              -0.38336694669219257,
              51.408534749297104
            ],
            [
              -0.38380012658389806,
              51.410114392570435
            ],
            [
              -0.38967536125461383,
              51.41068984454199
            ],
            [
              -0.39030926007851346,
              51.4143404674519
            ],
            [
              -0.38614094140355687,
              51.41428314674798
            ],
            [
              -0.38771775183411533,
              51.41933158787078
            ],
            [
              -0.3866702227431857,
              51.4200815261139
            ],
            [
              -0.39290067560611497,
              51.42327847641663
            ],
            [
              -0.385395817875136,
              51.42073840632871
            ],
            [
              -0.38410511658022983,
              51.422671965472446
            ],
            [
              -0.38837644297374524,
              51.428000297955236
            ],
            [
              -0.38714736782882214,
              51.428181225322156
            ],
            [
              -0.3879047936045467,
              51.42873118619411
            ],
            [
              -0.3829293124263542,
              51.43234952398867
            ],
            [
              -0.376141096450611,
              51.43553789951846
            ],
            [
              -0.37789467485089623,
              51.43680312341237
            ],
            [
              -0.3668451609565063,
              51.44164047226884
            ],
            [
              -0.3728894638817986,
              51.44363989149269
            ],
            [
              -0.37737861325294764,
              51.442434189417256
            ],
            [
              -0.37909207596389377,
              51.44280859458271
            ],
            [
              -0.37978429772244215,
              51.44439182451906
            ],
            [
              -0.386263708973301,
              51.446729277214146
            ],
            [
              -0.38631243360143175,
              51.448204691194675
            ],
            [
              -0.38779473394473973,
              51.44943005705009
            ],
            [
              -0.3837910795875866,
              51.44950981828382
            ],
            [
              -0.3730453937777265,
              51.45747228369074
            ],
            [
              -0.3684608037155202,
              51.4568690364768
            ],
            [
              -0.3650593100838124,
              51.45780181923565
            ],
            [
              -0.35642976315197894,
              51.45840954804461
            ],
            [
              -0.353458422195281,
              51.4581790187068
            ],
            [
              -0.3528438543862006,
              51.45685750247331
            ],
            [
              -0.34870181267714484,
              51.4567632692222
            ],
            [
              -0.3401339392023271,
              51.459241079340586
            ],
            [
              -0.3406232038115058,
              51.45726069159123
            ],
            [
              -0.33697642310431014,
              51.45462821033978
            ],
            [
              -0.33629017921999427,
              51.45568856712046
            ],
            [
              -0.33303304429331,
              51.45540850061335
            ],
            [
              -0.330366459192385,
              51.457879430794534
            ],
            [
              -0.32840624761673953,
              51.457950416188
            ],
            [
              -0.32691378320505293,
              51.45703888240592
            ],
            [
              -0.32556449004944665,
              51.4581166909644
            ],
            [
              -0.3266696258397041,
              51.46174740521519
            ],
            [
              -0.32380881062360317,
              51.46517759952233
            ],
            [
              -0.3207484440545647,
              51.46540358103654
            ],
            [
              -0.3186305411043245,
              51.47093051827053
            ],
            [
              -0.3069975287426345,
              51.47557405699834
            ],
            [
              -0.2969882772230168,
              51.48566244651835
            ],
            [
              -0.2921164656915143,
              51.48730014799387
            ],
            [
              -0.2867994824272648,
              51.48697080677949
            ],
            [
              -0.2828674919783101,
              51.485816227429694
            ],
            [
              -0.2769875057402923,
              51.48208806071141
            ],
            [
              -0.27083835782352184,
              51.47369755201311
            ],
            [
              -0.26624262612066535,
              51.47148050047495
            ],
            [
              -0.2607817038217185,
              51.47082411122373
            ],
            [
              -0.25710498959030653,
              51.471336040723784
            ],
            [
              -0.25361691877155035,
              51.472938750090194
            ],
            [
              -0.2507944024670935,
              51.47708715406012
            ],
            [
              -0.24978598243981165,
              51.483492702672045
            ],
            [
              -0.24278544879071517,
              51.48838780076262
            ],
            [
              -0.23596571766271454,
              51.48967924033419
            ],
            [
              -0.23338137567489994,
              51.48946048844089
            ],
            [
              -0.23027911888379893,
              51.488109809654205
            ],
            [
              -0.22696524385332564,
              51.485164184783734
            ],
            [
              -0.225387437846856,
              51.4764625972209
            ],
            [
              -0.22173088633219742,
              51.47236058941264
            ],
            [
              -0.2237223972523635,
              51.470763138391746
            ],
            [
              -0.23097185267174092,
              51.47281510962094
            ],
            [
              -0.23262107946803018,
              51.47261516851233
            ],
            [
              -0.23331412841007437,
              51.463992845679954
            ],
            [
              -0.2430151267943777,
              51.46517275313839
            ],
            [
              -0.2529185156289021,
              51.46521282951346
            ],
            [
              -0.2580447454976776,
              51.46027131624333
            ],
            [
              -0.25680848728750594,
              51.45984828164023
            ],
            [
              -0.25911177140140573,
              51.45492766270081
            ],
            [
              -0.24732788627148924,
              51.4491767567028
            ],
            [
              -0.24163083461774756,
              51.443129425800095
            ],
            [
              -0.24272794399354422,
              51.441913905625654
            ],
            [
              -0.2658120768460945,
              51.43232098878427
            ],
            [
              -0.27096641562167384,
              51.42954651607753
            ],
            [
              -0.28046187445889964,
              51.42185375164436
            ],
            [
              -0.2866231407800943,
              51.42017246220089
            ],
            [
              -0.29063768134123164,
              51.428989741474474
            ],
            [
              -0.2930276826133929,
              51.428934645932365
            ],
            [
              -0.2934056411430132,
              51.42651218543675
            ],
            [
              -0.294788476821065,
              51.42646037123403
            ],
            [
              -0.2954634991413144,
              51.42764820141085
            ],
            [
              -0.30162368939420936,
              51.43143351680303
            ],
            [
              -0.30177737171399655,
              51.4303926196683
            ],
            [
              -0.3059421603860098,
              51.43136112060864
            ],
            [
              -0.30695068749539656,
              51.430152719625966
            ],
            [
              -0.31067253492273655,
              51.43221173068361
            ],
            [
              -0.3144722137076775,
              51.42825580298916
            ],
            [
              -0.309258208605777,
              51.425707789500414
            ],
            [
              -0.3060339344890932,
              51.42148873914582
            ],
            [
              -0.3084590786212188,
              51.414626548658354
            ],
            [
              -0.30889481920969314,
              51.40164770897263
            ],
            [
              -0.3125282404982931,
              51.39745563391069
            ],
            [
              -0.3198507674616871,
              51.39259699986682
            ],
            [
              -0.32486514612433454,
              51.391472788231304
            ],
            [
              -0.32784146085954724,
              51.39183902625516
            ],
            [
              -0.3405312590615884,
              51.40301718842095
            ],
            [
              -0.3516366475072995,
              51.4080388194588
            ]
          ]
        ]
      }
    },
    {
      "type": "Feature",
      "properties": {
        "name": "Merton",
        "gss_code": "E09000024"
      },
      "geometry": {
        "type": "Polygon",
        "coordinates": [
          [
            [
              -0.13432249724956719,
              51.39093198532148
            ],
            [
              -0.14190383833193818,
              51.389352838656336
            ],
            [
              -0.14437988096415993,
              51.39067802977155
            ],
            [
              -0.1579035179317856,
              51.389290725265134
            ],
            [
              -0.16098084191818246,
              51.38781930566017
            ],
            [
              -0.16528630368498323,
              51.38797672834183
            ],
            [
              -0.16645367520734863,
              51.38969461254357
            ],
            [
              -0.17114523202946894,
              51.39242975512885
            ],
            [
              -0.1748720354687584,
              51.39341410460036
            ],
            [
              -0.17926904539878225,
              51.38983150102682
            ],
            [
              -0.18841163590864238,
              51.385431932210274
            ],
            [
              -0.19394922987909013,
              51.38787348643276
            ],
            [
              -0.20050514691712218,
              51.384889886323634
            ],
            [
              -0.20351778976858353,
              51.3872292320647
            ],
            [
              -0.20502824814579781,
              51.38609233393886
            ],
            [
              -0.2097873219593385,
              51.388251426832944
            ],
            [
              -0.2181362610416506,
              51.38015045833798
            ],
            [
              -0.22020934310750512,
              51.380793464404796
            ],
            [
              -0.22774650457658147,
              51.38395620151194
            ],
            [
              -0.2339253450011371,
              51.387709476445714
            ],
            [
              -0.2346645630346848,
              51.39053529176597
            ],
            [
              -0.23971392575408773,
              51.38929833941127
            ],
            [
              -0.24169462847799955,
              51.39386932282813
            ],
            [
              -0.24459674865447367,
              51.39465921579899
            ],
            [
              -0.24741756675511636,
              51.397579054907155
            ],
            [
              -0.24469043582834615,
              51.40422869234858
            ],
            [
              -0.24535802168091872,
              51.407071340009864
            ],
            [
              -0.24750340475371352,
              51.40849728453411
            ],
            [
              -0.25091796583224907,
              51.42188420424802
            ],
            [
              -0.2529529742165658,
              51.423209476240146
            ],
            [
              -0.25226689873844216,
              51.42573513488742
            ],
            [
              -0.25424489467131345,
              51.42931664976437
            ],
            [
              -0.25362423025978187,
              51.43050340633821
            ],
            [
              -0.251085357665979,
              51.432569797119896
            ],
            [
              -0.23107266083890018,
              51.43818656657875
            ],
            [
              -0.224284182051516,
              51.43885728506421
            ],
            [
              -0.2125400040041929,
              51.43783349363066
            ],
            [
              -0.1900369716728973,
              51.44147188996905
            ],
            [
              -0.1906702745721166,
              51.43891878952895
            ],
            [
              -0.18926322127272455,
              51.438114710452986
            ],
            [
              -0.1910606540369345,
              51.433043682274004
            ],
            [
              -0.18978958263929763,
              51.43135144246801
            ],
            [
              -0.18576140653187304,
              51.43316860965096
            ],
            [
              -0.18415544938055103,
              51.43121933178442
            ],
            [
              -0.1840883594505757,
              51.42638028727485
            ],
            [
              -0.18193834132953396,
              51.42473728505137
            ],
            [
              -0.17360020764808085,
              51.42317782773088
            ],
            [
              -0.16509349835944853,
              51.42009538366852
            ],
            [
              -0.16159354759610514,
              51.419860683659536
            ],
            [
              -0.1598858328609876,
              51.42263058635345
            ],
            [
              -0.15132472395544375,
              51.41985203132773
            ],
            [
              -0.14933973717088314,
              51.41985667446755
            ],
            [
              -0.14447717439981056,
              51.41775644822334
            ],
            [
              -0.14040408853589822,
              51.4192476168958
            ],
            [
              -0.14809765649273596,
              51.41286776487094
            ],
            [
              -0.14680150381738677,
              51.4125595113011
            ],
            [
              -0.1446214602618419,
              51.41241710577533
            ],
            [
              -0.14258527496187795,
              51.41333807161099
            ],
            [
              -0.13409563037557398,
              51.41099101742433
            ],
            [
              -0.13357072514743454,
              51.412934064748775
            ],
            [
              -0.13271752095474434,
              51.41234494347323
            ],
            [
              -0.12752741810485052,
              51.4123160876814
            ],
            [
              -0.12947986654884205,
              51.4095775279441
            ],
            [
              -0.1320847918877832,
              51.40916944461054
            ],
            [
              -0.13232004031450342,
              51.40692502876825
            ],
            [
              -0.1312851743228624,
              51.40409382644355
            ],
            [
              -0.12414584463501145,
              51.397612941224864
            ],
            [
              -0.1296837903478698,
              51.39365475860799
            ],
            [
              -0.12875666196083219,
              51.393478087918496
            ],
            [
              -0.13432249724956719,
              51.39093198532148
            ]
          ]
        ]
      }
    },
    {
      "type": "Feature",
      "properties": {
        "name": "Wandsworth",
        "gss_code": "E09000032"
      },
      "geometry": {
        "type": "Polygon",
        "coordinates": [
          [
            [
              -0.25408478381745553,
              51.43729060587158
            ],
            [
              -0.24272794399354422,
              51.441913905625654
            ],
            [
              -0.24163083461774756,
              51.443129425800095
            ],
            [
              -0.24732788627148924,
              51.4491767567028
            ],
            [
              -0.25911177140140573,
              51.45492766270081
            ],
            [
              -0.25680848728750594,
              51.45984828164023
            ],
            [
              -0.2580447454976776,
              51.46027131624333
            ],
            [
              -0.2529185156289021,
              51.46521282951346
            ],
            [
              -0.2430151267943777,
              51.46517275313839
            ],
            [
              -0.23331412841007437,
              51.463992845679954
            ],
            [
              -0.2330153773557564,
              51.47209954840612
            ],
            [
              -0.23111506466275672,
              51.4728352551072
            ],
            [
              -0.2237223972523635,
              51.470763138391746
            ],
            [
              -0.22173088633219742,
              51.47236058941264
            ],
            [
              -0.21537086008839681,
              51.467821674039975
            ],
            [
              -0.20532544071204675,
              51.46478175120557
            ],
            [
              -0.1988626586935608,
              51.46401720160261
            ],
            [
              -0.19040182098167033,
              51.46427359690708
            ],
            [
              -0.18551706692259348,
              51.46583474078971
            ],
            [
              -0.18288707172731067,
              51.46752956664419
            ],
            [
              -0.17902462024719393,
              51.47341369932895
            ],
            [
              -0.17782269818334337,
              51.47755856207816
            ],
            [
              -0.1733676554577076,
              51.4809333792507
            ],
            [
              -0.149846865211846,
              51.484557304404916
            ],
            [
              -0.13779142341637776,
              51.483853897762756
            ],
            [
              -0.12949856007644814,
              51.48588911182819
            ],
            [
              -0.12635945206454136,
              51.484463134303034
            ],
            [
              -0.12749628804307295,
              51.48202632404033
            ],
            [
              -0.12995030708817526,
              51.481184215723445
            ],
            [
              -0.1349527268077821,
              51.47470831141803
            ],
            [
              -0.13472210304247195,
              51.473301802277994
            ],
            [
              -0.135782737497363,
              51.47271616862056
            ],
            [
              -0.13691928746215942,
              51.47309393643688
            ],
            [
              -0.1426724703412723,
              51.47006479338046
            ],
            [
              -0.14310029009168923,
              51.470521197891244
            ],
            [
              -0.15061852026916708,
              51.46761852701128
            ],
            [
              -0.1512357515106169,
              51.465883704964035
            ],
            [
              -0.1477241944372892,
              51.452339420256
            ],
            [
              -0.14232388652876407,
              51.45099500686294
            ],
            [
              -0.1447980194094018,
              51.448543239916916
            ],
            [
              -0.14569791332876914,
              51.44586869294546
            ],
            [
              -0.14361620782137657,
              51.441843031243685
            ],
            [
              -0.13589668847699138,
              51.44200828870445
            ],
            [
              -0.13767642142550082,
              51.43858341504814
            ],
            [
              -0.13997566341617992,
              51.436884348394436
            ],
            [
              -0.13911030613790637,
              51.4348113044845
            ],
            [
              -0.13785757820052688,
              51.43377524347949
            ],
            [
              -0.13646001528352936,
              51.433824973174644
            ],
            [
              -0.1352641403718061,
              51.43033480092419
            ],
            [
              -0.13840568239517584,
              51.43055559892064
            ],
            [
              -0.13892204387270818,
              51.424574709508256
            ],
            [
              -0.13785483698443682,
              51.42110458681266
            ],
            [
              -0.14203158172311267,
              51.418482077127294
            ],
            [
              -0.14447717439981056,
              51.41775644822334
            ],
            [
              -0.14933973717088314,
              51.41985667446755
            ],
            [
              -0.15132472395544375,
              51.41985203132773
            ],
            [
              -0.1598858328609876,
              51.42263058635345
            ],
            [
              -0.16159354759610514,
              51.419860683659536
            ],
            [
              -0.16509349835944853,
              51.42009538366852
            ],
            [
              -0.17360020764808085,
              51.42317782773088
            ],
            [
              -0.18193834132953396,
              51.42473728505137
            ],
            [
              -0.1840883594505757,
              51.42638028727485
            ],
            [
              -0.18415544938055103,
              51.43121933178442
            ],
            [
              -0.18576140653187304,
              51.43316860965096
            ],
            [
              -0.18978958263929763,
              51.43135144246801
            ],
            [
              -0.1910606540369345,
              51.433043682274004
            ],
            [
              -0.18926322127272455,
              51.438114710452986
            ],
            [
              -0.1906702745721166,
              51.43891878952895
            ],
            [
              -0.1900369716728973,
              51.44147188996905
            ],
            [
              -0.2125400040041929,
              51.43783349363066
            ],
            [
              -0.224284182051516,
              51.43885728506421
            ],
            [
              -0.23107266083890018,
              51.43818656657875
            ],
            [
              -0.251085357665979,
              51.432569797119896
            ],
            [
              -0.25125466712749817,
              51.43416399483193
            ],
            [
              -0.25311049312378325,
              51.43529774297805
            ],
            [
              -0.25408478381745553,
              51.43729060587158
            ]
          ]
        ]
      }
    },
    {
      "type": "Feature",
      "properties": {
        "name": "Hammersmith and Fulham",
        "gss_code": "E09000013"
      },
      "geometry": {
        "type": "Polygon",
        "coordinates": [
          [
            [
              -0.19747789871864413,
              51.46408584551392
            ],
            [
              -0.20419655147742968,
              51.464566630829594
            ],
            [
              -0.21163820484525714,
              51.46644290419317
            ],
            [
              -0.2189427393621256,
              51.47000720449442
            ],
            [
              -0.2250804967783422,
              51.475837471486344
            ],
            [
              -0.22681840801125439,
              51.48486521373817
            ],
            [
              -0.23027911888379893,
              51.488109809654205
            ],
            [
              -0.23338137567489994,
              51.48946048844089
            ],
            [
              -0.2368438782832454,
              51.489692446673686
            ],
            [
              -0.24085408437739,
              51.489168163223574
            ],
            [
              -0.24343716637635127,
              51.487920965876135
            ],
            [
              -0.24543708526385577,
              51.48947961737342
            ],
            [
              -0.24442051639867024,
              51.49794425389129
            ],
            [
              -0.245296671425054,
              51.49838900170579
            ],
            [
              -0.24922748923276114,
              51.49694601540402
            ],
            [
              -0.25508323442811676,
              51.50431712712922
            ],
            [
              -0.24570547563278827,
              51.50462685470863
            ],
            [
              -0.2465179451279944,
              51.50673423337359
            ],
            [
              -0.24509115907747023,
              51.50673987107485
            ],
            [
              -0.24604806677812696,
              51.50996447019187
            ],
            [
              -0.24909038318319146,
              51.514056499486244
            ],
            [
              -0.2502979704598671,
              51.52015336770914
            ],
            [
              -0.25266484014447443,
              51.524594909790174
            ],
            [
              -0.25028825424204104,
              51.5271762637311
            ],
            [
              -0.2504743428075491,
              51.52833905416439
            ],
            [
              -0.2452748639009501,
              51.531210890904184
            ],
            [
              -0.24699732422174517,
              51.531785176677595
            ],
            [
              -0.24631125481473903,
              51.53275509015484
            ],
            [
              -0.24323439267055272,
              51.53178284063041
            ],
            [
              -0.2344208519764967,
              51.53263968602508
            ],
            [
              -0.22849718866508734,
              51.53035624215254
            ],
            [
              -0.22662267391139193,
              51.524797599934715
            ],
            [
              -0.22673229980288306,
              51.52197564485257
            ],
            [
              -0.22829423475063243,
              51.52110000682921
            ],
            [
              -0.22259670762106382,
              51.51564534572133
            ],
            [
              -0.21928775615971838,
              51.50957922916315
            ],
            [
              -0.21720966700709407,
              51.510392948632365
            ],
            [
              -0.21581857647933386,
              51.50911285619423
            ],
            [
              -0.21596779946848502,
              51.506399412337124
            ],
            [
              -0.217995186758622,
              51.50614247558599
            ],
            [
              -0.21412733558592298,
              51.50076911412371
            ],
            [
              -0.20302343510374624,
              51.493324605442034
            ],
            [
              -0.20238267926796152,
              51.49166916410804
            ],
            [
              -0.1983016463478598,
              51.48812644851938
            ],
            [
              -0.19449144767735135,
              51.48649416231454
            ],
            [
              -0.18387655030315664,
              51.477418678077335
            ],
            [
              -0.17782269818334337,
              51.47755856207816
            ],
            [
              -0.17902462024719393,
              51.47341369932895
            ],
            [
              -0.1835552628227297,
              51.467018354214375
            ],
            [
              -0.19016983971713544,
              51.464314978772
            ],
            [
              -0.19747789871864413,
              51.46408584551392
            ]
          ]
        ]
      }
    },
    {
      "type": "Feature",
      "properties": {
        "name": "Southwark",
        "gss_code": "E09000028"
      },
      "geometry": {
        "type": "Polygon",
        "coordinates": [
          [
            [
              -0.07830085730601628,
              51.42061083390376
            ],
            [
              -0.0798621180841189,
              51.42213820521864
            ],
            [
              -0.08089544226426644,
              51.421849378450105
            ],
            [
              -0.08172375834842975,
              51.42336471987617
            ],
            [
              -0.08347955389777716,
              51.422997766219304
            ],
            [
              -0.0858960456925464,
              51.42850481292545
            ],
            [
              -0.08831677200923935,
              51.4294435897667
            ],
            [
              -0.09514204215223891,
              51.44554366950857
            ],
            [
              -0.10075810318012751,
              51.45031097035596
            ],
            [
              -0.1014237645142857,
              51.45195841316118
            ],
            [
              -0.10094405296867145,
              51.454153838569226
            ],
            [
              -0.09584291112038447,
              51.45740736038408
            ],
            [
              -0.09221880145528906,
              51.46112534699612
            ],
            [
              -0.0900794812954666,
              51.46616235947109
            ],
            [
              -0.0927218881732409,
              51.46977544783235
            ],
            [
              -0.09308452579821297,
              51.472128420237254
            ],
            [
              -0.09600026095882196,
              51.46988268876434
            ],
            [
              -0.10062694860409623,
              51.474274185187774
            ],
            [
              -0.10000061450751907,
              51.4768718927594
            ],
            [
              -0.1082400869628531,
              51.480296407811686
            ],
            [
              -0.10405282889198295,
              51.48090322152083
            ],
            [
              -0.10722264168969824,
              51.48365220876886
            ],
            [
              -0.10635048539693222,
              51.48488809666934
            ],
            [
              -0.10845681771773413,
              51.485848329308126
            ],
            [
              -0.10315337207983429,
              51.49147294934724
            ],
            [
              -0.1048977582382244,
              51.493524482595106
            ],
            [
              -0.11081229745232851,
              51.49541842844006
            ],
            [
              -0.11144697806138758,
              51.49644481099894
            ],
            [
              -0.10594179266879754,
              51.502048319184006
            ],
            [
              -0.10745815695557531,
              51.503008025526924
            ],
            [
              -0.10639136673498834,
              51.50336849297997
            ],
            [
              -0.10646867801843772,
              51.50497940921116
            ],
            [
              -0.107362222517149,
              51.5070621201948
            ],
            [
              -0.10880540020583146,
              51.507705886864514
            ],
            [
              -0.10919133247012736,
              51.50987032122142
            ],
            [
              -0.10463713818905392,
              51.50987774437576
            ],
            [
              -0.10468352862902938,
              51.50841270781703
            ],
            [
              -0.1041770402570408,
              51.50985232292934
            ],
            [
              -0.1015847971818262,
              51.50981039198464
            ],
            [
              -0.08139317978857473,
              51.507107776401206
            ],
            [
              -0.06790485434095937,
              51.5030285139432
            ],
            [
              -0.06006656472453992,
              51.501667127934944
            ],
            [
              -0.05487468518576438,
              51.5027951326303
            ],
            [
              -0.04515406158242382,
              51.50805605673346
            ],
            [
              -0.03748590452518407,
              51.50843157712272
            ],
            [
              -0.0324318635571455,
              51.506997998406696
            ],
            [
              -0.029905730761818648,
              51.505094111932614
            ],
            [
              -0.02994181532443375,
              51.49356613316838
            ],
            [
              -0.037318110333509055,
              51.49221502898262
            ],
            [
              -0.039966334865383764,
              51.49294276527136
            ],
            [
              -0.041051351560373095,
              51.49182782190124
            ],
            [
              -0.04034956965241385,
              51.491060713117086
            ],
            [
              -0.04222315270507204,
              51.49003087593438
            ],
            [
              -0.046571847035409286,
              51.490741878609576
            ],
            [
              -0.051955963363613064,
              51.48913183780624
            ],
            [
              -0.050465597834661105,
              51.487938024974305
            ],
            [
              -0.053980420549870387,
              51.48793346059896
            ],
            [
              -0.05284735536309648,
              51.48646683511755
            ],
            [
              -0.053567331522293433,
              51.485795347554046
            ],
            [
              -0.05280855003201086,
              51.4826443150607
            ],
            [
              -0.05433431482996226,
              51.478604964045026
            ],
            [
              -0.052703452687969304,
              51.478011352632784
            ],
            [
              -0.05228633931068548,
              51.46920959885346
            ],
            [
              -0.05088396973528858,
              51.46664136649055
            ],
            [
              -0.04820906962012887,
              51.46589543636292
            ],
            [
              -0.04571884579218559,
              51.46352484721656
            ],
            [
              -0.04512339659342027,
              51.460277551814904
            ],
            [
              -0.04615728312944215,
              51.45696749147404
            ],
            [
              -0.04165026457728302,
              51.454985834496476
            ],
            [
              -0.046143593543840865,
              51.449872023718015
            ],
            [
              -0.04908386312158723,
              51.45010984158068
            ],
            [
              -0.05379196452841817,
              51.448713300616134
            ],
            [
              -0.05756552239171422,
              51.45034061938884
            ],
            [
              -0.061832746055260686,
              51.4477943790556
            ],
            [
              -0.06502045584765266,
              51.441156481355236
            ],
            [
              -0.06405481603872394,
              51.44085277048039
            ],
            [
              -0.06346097545338984,
              51.43754264083891
            ],
            [
              -0.06670712040443112,
              51.43392720642952
            ],
            [
              -0.06962386786917148,
              51.432653353468716
            ],
            [
              -0.07238194348986726,
              51.43241097935576
            ],
            [
              -0.07359182312074276,
              51.43135174746466
            ],
            [
              -0.07509473998791645,
              51.4287955357499
            ],
            [
              -0.07394003324945436,
              51.426150696826
            ],
            [
              -0.07830085730601628,
              51.42061083390376
            ]
          ]
        ]
      }
    },
    {
      "type": "Feature",
      "properties": {
        "name": "Kensington and Chelsea",
        "gss_code": "E09000020"
      },
      "geometry": {
        "type": "Polygon",
        "coordinates": [
          [
            [
              -0.1907919319990643,
              51.48316387732932
            ],
            [
              -0.19468800470977896,
              51.4866230832416
            ],
            [
              -0.1983016463478598,
              51.48812644851938
            ],
            [
              -0.20238267926796152,
              51.49166916410804
            ],
            [
              -0.20302343510374624,
              51.493324605442034
            ],
            [
              -0.21412733558592298,
              51.50076911412371
            ],
            [
              -0.217995186758622,
              51.50614247558599
            ],
            [
              -0.21596779946848502,
              51.506399412337124
            ],
            [
              -0.21581857647933386,
              51.50911285619423
            ],
            [
              -0.21720966700709407,
              51.510392948632365
            ],
            [
              -0.21928775615971838,
              51.50957922916315
            ],
            [
              -0.22259670762106382,
              51.51564534572133
            ],
            [
              -0.22829423475063243,
              51.52110000682921
            ],
            [
              -0.22673229980288306,
              51.52197564485257
            ],
            [
              -0.22662267391139193,
              51.524797599934715
            ],
            [
              -0.22849718866508734,
              51.53035624215254
            ],
            [
              -0.21798185969432649,
              51.52864129271193
            ],
            [
              -0.2158079707527707,
              51.52782591006013
            ],
            [
              -0.21557743782819383,
              51.526716337962576
            ],
            [
              -0.20617963830258246,
              51.52594353494254
            ],
            [
              -0.2038842239380654,
              51.52346247283066
            ],
            [
              -0.20163491229370914,
              51.52274458569022
            ],
            [
              -0.2006337957570246,
              51.52071492941917
            ],
            [
              -0.20376546786854952,
              51.52061904868006
            ],
            [
              -0.20148389918008205,
              51.517796434917315
            ],
            [
              -0.20074182422461734,
              51.51797389531145
            ],
            [
              -0.19920486371034118,
              51.51455116822008
            ],
            [
              -0.19507816981265888,
              51.51503627749312
            ],
            [
              -0.1940692963612209,
              51.51175649059949
            ],
            [
              -0.19298624956191485,
              51.51181174934624
            ],
            [
              -0.1921409678251188,
              51.50986534645691
            ],
            [
              -0.1879349917919229,
              51.51017812389268
            ],
            [
              -0.18426204721738712,
              51.50179429581996
            ],
            [
              -0.1803417350068915,
              51.50146376122234
            ],
            [
              -0.17956628626693866,
              51.497782794759196
            ],
            [
              -0.16840878341034698,
              51.49902089085617
            ],
            [
              -0.1676453413390012,
              51.498298557945645
            ],
            [
              -0.16580659705395157,
              51.49924100410131
            ],
            [
              -0.16551148070710106,
              51.498696838257295
            ],
            [
              -0.16102941501682808,
              51.5015941672207
            ],
            [
              -0.15846725828555883,
              51.50224638622874
            ],
            [
              -0.1550166604544823,
              51.493856095749535
            ],
            [
              -0.1560073537724451,
              51.49322421667226
            ],
            [
              -0.15481932782877555,
              51.491964562144545
            ],
            [
              -0.1558196635389136,
              51.49144973916173
            ],
            [
              -0.15587960951126087,
              51.48960721516382
            ],
            [
              -0.15020245933854887,
              51.4860916452365
            ],
            [
              -0.149846865211846,
              51.484557304404916
            ],
            [
              -0.1709324157282141,
              51.48168675988377
            ],
            [
              -0.1749525762072277,
              51.480193694394266
            ],
            [
              -0.17782269818334337,
              51.47755856207816
            ],
            [
              -0.18021611559394515,
              51.47784752193977
            ],
            [
              -0.1826460002103488,
              51.477219762096766
            ],
            [
              -0.18387655030315664,
              51.477418678077335
            ],
            [
              -0.1907919319990643,
              51.48316387732932
            ]
          ]
        ]
      }
    },
    {
      "type": "Feature",
      "properties": {
        "name": "City of London",
        "gss_code": "E09000001"
      },
      "geometry": {
        "type": "Polygon",
        "coordinates": [
          [
            [
              -0.11160234041073092,
              51.515340660573116
            ],
            [
              -0.11381685701841866,
              51.51825390461514
            ],
            [
              -0.10782675298107698,
              51.51776175229204
            ],
            [
              -0.09767138179295706,
              51.52072688948934
            ],
            [
              -0.0979708208414052,
              51.522880963614064
            ],
            [
              -0.09678487290053443,
              51.523320346349585
            ],
            [
              -0.09647415666075988,
              51.52282071439937
            ],
            [
              -0.09509139433418085,
              51.52313998283493
            ],
            [
              -0.09433893794026266,
              51.521482124114826
            ],
            [
              -0.08970069988217452,
              51.5207142486347
            ],
            [
              -0.09000559596654771,
              51.51997283184636
            ],
            [
              -0.08623476268405904,
              51.51880528161787
            ],
            [
              -0.0852192673235673,
              51.5203354286816
            ],
            [
              -0.08332422009624443,
              51.51980988596209
            ],
            [
              -0.08105775315798402,
              51.521949028273724
            ],
            [
              -0.07846709759551312,
              51.521510943137585
            ],
            [
              -0.07942965025795809,
              51.518846922716605
            ],
            [
              -0.07808402636653719,
              51.518968762258524
            ],
            [
              -0.07681482745204844,
              51.51659190383196
            ],
            [
              -0.07366130626248946,
              51.5141301409506
            ],
            [
              -0.0727540674911204,
              51.5103563352912
            ],
            [
              -0.07558996177195519,
              51.50974644319332
            ],
            [
              -0.07629148436106058,
              51.51054030694725
            ],
            [
              -0.0777937374342377,
              51.51011530863451
            ],
            [
              -0.08019262004547767,
              51.506872307901894
            ],
            [
              -0.09931350314486985,
              51.50967468726875
            ],
            [
              -0.1041770402570408,
              51.50985232292934
            ],
            [
              -0.10468352862902938,
              51.50841270781703
            ],
            [
              -0.10463713818905392,
              51.50987774437576
            ],
            [
              -0.11145793143720822,
              51.50977195252481
            ],
            [
              -0.11241471737903211,
              51.51277287897457
            ],
            [
              -0.11110307390078855,
              51.51382187462235
            ],
            [
              -0.11160234041073092,
              51.515340660573116
            ]
          ]
        ]
      }
    },
    {
      "type": "Feature",
      "properties": {
        "name": "Westminster",
        "gss_code": "E09000033"
      },
      "geometry": {
        "type": "Polygon",
        "coordinates": [
          [
            [
              -0.1228204702463596,
              51.49453215547388
            ],
            [
              -0.12455863833353807,
              51.49044137659024
            ],
            [
              -0.1297768268217878,
              51.485776647037035
            ],
            [
              -0.13779142341637776,
              51.483853897762756
            ],
            [
              -0.149846865211846,
              51.484557304404916
            ],
            [
              -0.15020245933854887,
              51.4860916452365
            ],
            [
              -0.15587960951126087,
              51.48960721516382
            ],
            [
              -0.1558196635389136,
              51.49144973916173
            ],
            [
              -0.15481932782877555,
              51.491964562144545
            ],
            [
              -0.1560073537724451,
              51.49322421667226
            ],
            [
              -0.1550166604544823,
              51.493856095749535
            ],
            [
              -0.15846725828555883,
              51.50224638622874
            ],
            [
              -0.16102941501682808,
              51.5015941672207
            ],
            [
              -0.16551148070710106,
              51.498696838257295
            ],
            [
              -0.16580659705395157,
              51.49924100410131
            ],
            [
              -0.1676453413390012,
              51.498298557945645
            ],
            [
              -0.16840878341034698,
              51.49902089085617
            ],
            [
              -0.17956628626693866,
              51.497782794759196
            ],
            [
              -0.1803417350068915,
              51.50146376122234
            ],
            [
              -0.18426204721738712,
              51.50179429581996
            ],
            [
              -0.1879349917919229,
              51.51017812389268
            ],
            [
              -0.1921409678251188,
              51.50986534645691
            ],
            [
              -0.19298624956191485,
              51.51181174934624
            ],
            [
              -0.1940692963612209,
              51.51175649059949
            ],
            [
              -0.19507816981265888,
              51.51503627749312
            ],
            [
              -0.19920486371034118,
              51.51455116822008
            ],
            [
              -0.20074182422461734,
              51.51797389531145
            ],
            [
              -0.20148389918008205,
              51.517796434917315
            ],
            [
              -0.20376546786854952,
              51.52061904868006
            ],
            [
              -0.2006337957570246,
              51.52071492941917
            ],
            [
              -0.20163491229370914,
              51.52274458569022
            ],
            [
              -0.2038842239380654,
              51.52346247283066
            ],
            [
              -0.20650641487443067,
              51.526065432958355
            ],
            [
              -0.21557743782819383,
              51.526716337962576
            ],
            [
              -0.2153251241161229,
              51.53132560107112
            ],
            [
              -0.2076539934934102,
              51.532818286904885
            ],
            [
              -0.20299373363932918,
              51.53289986292853
            ],
            [
              -0.19830383829996837,
              51.530444937424356
            ],
            [
              -0.197798756402221,
              51.52790131656054
            ],
            [
              -0.19656856215270266,
              51.52765759967906
            ],
            [
              -0.19255120883992094,
              51.532631526351366
            ],
            [
              -0.1930309714027129,
              51.53398778020326
            ],
            [
              -0.19148333751083718,
              51.53629296786438
            ],
            [
              -0.1887706254108907,
              51.534524572091726
            ],
            [
              -0.18446243894748718,
              51.538072931499926
            ],
            [
              -0.18017802966716231,
              51.539562238288575
            ],
            [
              -0.17392315575814507,
              51.53947403724972
            ],
            [
              -0.17350657047215026,
              51.5376330956029
            ],
            [
              -0.16954576313095276,
              51.53859649968226
            ],
            [
              -0.16495804260201088,
              51.535782131857616
            ],
            [
              -0.16048517086346623,
              51.537285758720316
            ],
            [
              -0.15944100143970427,
              51.53636114333754
            ],
            [
              -0.15273221245074908,
              51.53752363077989
            ],
            [
              -0.14719709536205136,
              51.5250447117768
            ],
            [
              -0.14581825554851527,
              51.52527471389151
            ],
            [
              -0.14519263819486164,
              51.523996882551344
            ],
            [
              -0.14349484185674735,
              51.524626475227144
            ],
            [
              -0.13702587635888583,
              51.51888561525878
            ],
            [
              -0.13526559377172417,
              51.518929583529875
            ],
            [
              -0.13247329301696564,
              51.51671796346491
            ],
            [
              -0.13082874487976745,
              51.5171054228195
            ],
            [
              -0.12936278805777182,
              51.51348504538888
            ],
            [
              -0.12735003551603466,
              51.512661584615635
            ],
            [
              -0.12289559067511649,
              51.51514425603186
            ],
            [
              -0.11949169389607463,
              51.51450521609017
            ],
            [
              -0.11471551751662235,
              51.516038204953915
            ],
            [
              -0.11385784858814248,
              51.51481941627227
            ],
            [
              -0.11160234041073092,
              51.515340660573116
            ],
            [
              -0.11110307390078855,
              51.51382187462235
            ],
            [
              -0.11241471737903211,
              51.51277287897457
            ],
            [
              -0.11145793143720822,
              51.50977195252481
            ],
            [
              -0.11779770307009838,
              51.50839908996249
            ],
            [
              -0.12080656886393389,
              51.505668644739266
            ],
            [
              -0.1228204702463596,
              51.49453215547388
            ]
          ]
        ]
      }
    },
    {
      "type": "Feature",
      "properties": {
        "name": "Camden",
        "gss_code": "E09000007"
      },
      "geometry": {
        "type": "Polygon",
        "coordinates": [
          [
            [
              -0.1424186496028464,
              51.5691221040967
            ],
            [
              -0.14068589162867093,
              51.56455348265303
            ],
            [
              -0.1409350218245731,
              51.5602140824075
            ],
            [
              -0.13727647845454596,
              51.5554799851089
            ],
            [
              -0.1310197551145999,
              51.55151372724983
            ],
            [
              -0.13015981201934587,
              51.54962059963344
            ],
            [
              -0.12708985238603443,
              51.54745840055246
            ],
            [
              -0.12569418037837077,
              51.54211256346333
            ],
            [
              -0.12251528107433766,
              51.53735865955237
            ],
            [
              -0.12255762264471314,
              51.5307228732507
            ],
            [
              -0.11989579766405338,
              51.53094102348163
            ],
            [
              -0.11604715588116524,
              51.529872114644085
            ],
            [
              -0.11542949786884153,
              51.52772197473708
            ],
            [
              -0.11294661415010113,
              51.526405120412775
            ],
            [
              -0.11425190191260699,
              51.52551786745605
            ],
            [
              -0.11361491369906838,
              51.52453643291093
            ],
            [
              -0.10899251698645955,
              51.52302319975321
            ],
            [
              -0.10826738247680517,
              51.5220852764505
            ],
            [
              -0.10702331355889547,
              51.52219110101568
            ],
            [
              -0.10549239368406428,
              51.519135899243
            ],
            [
              -0.10534415683273958,
              51.51853999721335
            ],
            [
              -0.10782675298107698,
              51.51776175229204
            ],
            [
              -0.11381685701841866,
              51.51825390461514
            ],
            [
              -0.11170502079114224,
              51.51529735103766
            ],
            [
              -0.11385784858814248,
              51.51481941627227
            ],
            [
              -0.11471551751662235,
              51.516038204953915
            ],
            [
              -0.11949169389607463,
              51.51450521609017
            ],
            [
              -0.12289559067511649,
              51.51514425603186
            ],
            [
              -0.12735003551603466,
              51.512661584615635
            ],
            [
              -0.12936278805777182,
              51.51348504538888
            ],
            [
              -0.13082874487976745,
              51.5171054228195
            ],
            [
              -0.13247329301696564,
              51.51671796346491
            ],
            [
              -0.13526559377172417,
              51.518929583529875
            ],
            [
              -0.13702587635888583,
              51.51888561525878
            ],
            [
              -0.14349484185674735,
              51.524626475227144
            ],
            [
              -0.14519263819486164,
              51.523996882551344
            ],
            [
              -0.14581825554851527,
              51.52527471389151
            ],
            [
              -0.14719709536205136,
              51.5250447117768
            ],
            [
              -0.15273221245074908,
              51.53752363077989
            ],
            [
              -0.15944100143970427,
              51.53636114333754
            ],
            [
              -0.16048517086346623,
              51.537285758720316
            ],
            [
              -0.16495804260201088,
              51.535782131857616
            ],
            [
              -0.16954576313095276,
              51.53859649968226
            ],
            [
              -0.17350657047215026,
              51.5376330956029
            ],
            [
              -0.17392315575814507,
              51.53947403724972
            ],
            [
              -0.17877044163573505,
              51.53978319063312
            ],
            [
              -0.18446243894748718,
              51.538072931499926
            ],
            [
              -0.1887706254108907,
              51.534524572091726
            ],
            [
              -0.2134968199178748,
              51.55519053330059
            ],
            [
              -0.21003100998557664,
              51.55675633820272
            ],
            [
              -0.20884510505101597,
              51.55573109541939
            ],
            [
              -0.20596160559385263,
              51.5564244163151
            ],
            [
              -0.2058180383228617,
              51.55530716672978
            ],
            [
              -0.19940726037783243,
              51.55618913094176
            ],
            [
              -0.19848359120426717,
              51.558755765636846
            ],
            [
              -0.1966759063278871,
              51.55923157055357
            ],
            [
              -0.19692394008988975,
              51.560620208514415
            ],
            [
              -0.19485199853667787,
              51.56048044289223
            ],
            [
              -0.19075929929218033,
              51.56182021983933
            ],
            [
              -0.18925652484814356,
              51.565510892366994
            ],
            [
              -0.17807990198402798,
              51.57042758023465
            ],
            [
              -0.17440390576012305,
              51.56925539239443
            ],
            [
              -0.1730736572964248,
              51.57148278696471
            ],
            [
              -0.16991928369937162,
              51.572773501486495
            ],
            [
              -0.16053827314793195,
              51.572797681138596
            ],
            [
              -0.15035637167985022,
              51.57157652866478
            ],
            [
              -0.1424186496028464,
              51.5691221040967
            ]
          ]
        ]
      }
    },
    {
      "type": "Feature",
      "properties": {
        "name": "Tower Hamlets",
        "gss_code": "E09000030"
      },
      "geometry": {
        "type": "Polygon",
        "coordinates": [
          [
            [
              -0.03003450976479489,
              51.494089264895806
            ],
            [
              -0.029591162276368755,
              51.50436941515801
            ],
            [
              -0.03075547798872263,
              51.50610656748997
            ],
            [
              -0.035959366681232896,
              51.50807329480337
            ],
            [
              -0.0405754310256521,
              51.50863611070171
            ],
            [
              -0.04515406158242382,
              51.50805605673346
            ],
            [
              -0.05487468518576438,
              51.5027951326303
            ],
            [
              -0.059893783743425216,
              51.50166426965958
            ],
            [
              -0.06790485434095937,
              51.5030285139432
            ],
            [
              -0.08019262004547767,
              51.506872307901894
            ],
            [
              -0.0777937374342377,
              51.51011530863451
            ],
            [
              -0.07629148436106058,
              51.51054030694725
            ],
            [
              -0.07558996177195519,
              51.50974644319332
            ],
            [
              -0.0727540674911204,
              51.5103563352912
            ],
            [
              -0.07366130626248946,
              51.5141301409506
            ],
            [
              -0.07681482745204844,
              51.51659190383196
            ],
            [
              -0.07808402636653719,
              51.518968762258524
            ],
            [
              -0.07942965025795809,
              51.518846922716605
            ],
            [
              -0.0782366489816945,
              51.521848885193826
            ],
            [
              -0.07608085966864345,
              51.522380076260106
            ],
            [
              -0.07631228891232376,
              51.52714993183093
            ],
            [
              -0.07725744545125675,
              51.527300316957714
            ],
            [
              -0.07464378250844322,
              51.529793347592445
            ],
            [
              -0.07226385172181635,
              51.53084235973509
            ],
            [
              -0.0663073242755751,
              51.53122991748067
            ],
            [
              -0.06514176954825818,
              51.53321604060047
            ],
            [
              -0.062242248422875374,
              51.53324911185848
            ],
            [
              -0.06246307227832146,
              51.53551888685326
            ],
            [
              -0.05906337945261003,
              51.53408682124136
            ],
            [
              -0.05470654996747293,
              51.53515670869127
            ],
            [
              -0.052841827320462824,
              51.53492793398791
            ],
            [
              -0.05095990368336948,
              51.53645239702395
            ],
            [
              -0.047581819915968285,
              51.535532933283974
            ],
            [
              -0.04478625452810944,
              51.5358280890034
            ],
            [
              -0.04144287939968853,
              51.53746292181466
            ],
            [
              -0.037162567335130375,
              51.54142905326653
            ],
            [
              -0.03776715447647145,
              51.54178987865864
            ],
            [
              -0.03317153525551874,
              51.544689466348395
            ],
            [
              -0.029007015753648682,
              51.542272503600195
            ],
            [
              -0.02561427953118508,
              51.543357511794454
            ],
            [
              -0.016571417217504315,
              51.54336683556212
            ],
            [
              -0.016522605123206493,
              51.541504539232385
            ],
            [
              -0.021166139361302877,
              51.53652011992959
            ],
            [
              -0.019349137896518723,
              51.53519451727284
            ],
            [
              -0.017448404348201982,
              51.53148442454032
            ],
            [
              -0.01093598572489405,
              51.52939579281669
            ],
            [
              -0.007528860336609646,
              51.526199533928555
            ],
            [
              -0.00884676129059256,
              51.519783176694695
            ],
            [
              -0.006816183392430226,
              51.518750501694804
            ],
            [
              -0.005382872290556057,
              51.51658588170078
            ],
            [
              -0.002295802130950868,
              51.51796317399409
            ],
            [
              0.0038067926105336135,
              51.51513429033521
            ],
            [
              0.002499593417554581,
              51.51063330032377
            ],
            [
              0.004255091979843859,
              51.5109000709193
            ],
            [
              0.005478014153017022,
              51.51413451578707
            ],
            [
              0.007296587105317579,
              51.51419333140092
            ],
            [
              0.007995466250424023,
              51.51271556047207
            ],
            [
              0.005930098321245362,
              51.50999015042526
            ],
            [
              0.009863418586789815,
              51.50833110188385
            ],
            [
              0.0075922138400842994,
              51.50551032776512
            ],
            [
              0.004143318414859971,
              51.50671138994723
            ],
            [
              0.0013602830052496723,
              51.50666899034917
            ],
            [
              -0.0013117872024055119,
              51.50586924834055
            ],
            [
              -0.0043230439707590326,
              51.50324071158586
            ],
            [
              -0.004609113107583476,
              51.49900103239976
            ],
            [
              -0.0004498671827859612,
              51.49066589636762
            ],
            [
              -0.0017469127349544666,
              51.48801717386101
            ],
            [
              -0.005657690953124763,
              51.48587155007065
            ],
            [
              -0.012889878000651044,
              51.48451054137032
            ],
            [
              -0.020024722523392286,
              51.48538662439971
            ],
            [
              -0.027282013765824266,
              51.48943874550177
            ],
            [
              -0.03003450976479489,
              51.494089264895806
            ]
          ]
        ]
      }
    },
    {
      "type": "Feature",
      "properties": {
        "name": "Islington",
        "gss_code": "E09000019"
      },
      "geometry": {
        "type": "Polygon",
        "coordinates": [
          [
            [
              -0.13838877227318375,
              51.55685549859429
            ],
            [
              -0.14100161257308183,
              51.56035002408412
            ],
            [
              -0.14068589162867093,
              51.56455348265303
            ],
            [
              -0.1424186496028464,
              51.5691221040967
            ],
            [
              -0.1313855225095488,
              51.57356004591177
            ],
            [
              -0.12488393363292392,
              51.57409479795861
            ],
            [
              -0.11954361749115339,
              51.57551108011223
            ],
            [
              -0.11956113551163573,
              51.574387305120446
            ],
            [
              -0.11757945727375113,
              51.574148706263806
            ],
            [
              -0.11558106993304462,
              51.57256993001118
            ],
            [
              -0.11504311202783467,
              51.57057395708126
            ],
            [
              -0.11034155333219393,
              51.568421079018314
            ],
            [
              -0.0985803384576715,
              51.5608392625313
            ],
            [
              -0.09602485888070703,
              51.561229461608555
            ],
            [
              -0.09159719701372789,
              51.560159362115115
            ],
            [
              -0.09029699087486155,
              51.55779116385311
            ],
            [
              -0.09040618526865754,
              51.5541509761412
            ],
            [
              -0.08549851793287218,
              51.552164582449166
            ],
            [
              -0.07933474771271842,
              51.5515872348216
            ],
            [
              -0.07638232742271851,
              51.546350172746514
            ],
            [
              -0.0838424450235616,
              51.546607145000294
            ],
            [
              -0.08661450930794837,
              51.53725519492479
            ],
            [
              -0.09703072673027084,
              51.53298231943697
            ],
            [
              -0.09540084698642641,
              51.52919698818564
            ],
            [
              -0.08878470633240922,
              51.52744374050149
            ],
            [
              -0.0874342255096661,
              51.5259559430584
            ],
            [
              -0.08501630945395447,
              51.526204255189654
            ],
            [
              -0.08443697224847843,
              51.52248986230914
            ],
            [
              -0.08623476268405904,
              51.51880528161787
            ],
            [
              -0.09000559596654771,
              51.51997283184636
            ],
            [
              -0.08970069988217452,
              51.5207142486347
            ],
            [
              -0.09433893794026266,
              51.521482124114826
            ],
            [
              -0.09509139433418085,
              51.52313998283493
            ],
            [
              -0.09647415666075988,
              51.52282071439937
            ],
            [
              -0.09678487290053443,
              51.523320346349585
            ],
            [
              -0.0979708208414052,
              51.522880963614064
            ],
            [
              -0.09767138179295706,
              51.52072688948934
            ],
            [
              -0.10534415683273958,
              51.51853999721335
            ],
            [
              -0.10702331355889547,
              51.52219110101568
            ],
            [
              -0.10826738247680517,
              51.5220852764505
            ],
            [
              -0.10899251698645955,
              51.52302319975321
            ],
            [
              -0.11361491369906838,
              51.52453643291093
            ],
            [
              -0.11425190191260699,
              51.52551786745605
            ],
            [
              -0.11294661415010113,
              51.526405120412775
            ],
            [
              -0.11542949786884153,
              51.52772197473708
            ],
            [
              -0.11604715588116524,
              51.529872114644085
            ],
            [
              -0.11989579766405338,
              51.53094102348163
            ],
            [
              -0.12255762264471314,
              51.5307228732507
            ],
            [
              -0.12251528107433766,
              51.53735865955237
            ],
            [
              -0.12569418037837077,
              51.54211256346333
            ],
            [
              -0.1271970412162476,
              51.547657946108444
            ],
            [
              -0.13838877227318375,
              51.55685549859429
            ]
          ]
        ]
      }
    },
    {
      "type": "Feature",
      "properties": {
        "name": "Hackney",
        "gss_code": "E09000012"
      },
      "geometry": {
        "type": "Polygon",
        "coordinates": [
          [
            [
              -0.09767028080219867,
              51.57365678294996
            ],
            [
              -0.08687796177972269,
              51.57429065012823
            ],
            [
              -0.08723594605652549,
              51.574701147765715
            ],
            [
              -0.08087534742869909,
              51.575640424120635
            ],
            [
              -0.07624362780782971,
              51.57493510846803
            ],
            [
              -0.0757870668678354,
              51.575494149997894
            ],
            [
              -0.07092953639112799,
              51.57569316360183
            ],
            [
              -0.06118573382793552,
              51.57778070537839
            ],
            [
              -0.05843645189726911,
              51.57252858116376
            ],
            [
              -0.047480772885548965,
              51.56517973873327
            ],
            [
              -0.047073760901351576,
              51.56255613379781
            ],
            [
              -0.04253607851649948,
              51.561383426305184
            ],
            [
              -0.036413561578382096,
              51.56150593565137
            ],
            [
              -0.03330669546156208,
              51.56061759014259
            ],
            [
              -0.029166058334457987,
              51.56128550134811
            ],
            [
              -0.02513587247118919,
              51.559401233927645
            ],
            [
              -0.023968515301637905,
              51.55737623296843
            ],
            [
              -0.018466638340089058,
              51.55517917222492
            ],
            [
              -0.017166268159439953,
              51.55157814817942
            ],
            [
              -0.01899721242299108,
              51.55160008654408
            ],
            [
              -0.01894472609636282,
              51.55048411799143
            ],
            [
              -0.016571417217504315,
              51.54336683556212
            ],
            [
              -0.02561427953118508,
              51.543357511794454
            ],
            [
              -0.029007015753648682,
              51.542272503600195
            ],
            [
              -0.03325878080305664,
              51.544672943864846
            ],
            [
              -0.03776715447647145,
              51.54178987865864
            ],
            [
              -0.037162567335130375,
              51.54142905326653
            ],
            [
              -0.04144287939968853,
              51.53746292181466
            ],
            [
              -0.044859070008406055,
              51.535811317476686
            ],
            [
              -0.047581819915968285,
              51.535532933283974
            ],
            [
              -0.05095990368336948,
              51.53645239702395
            ],
            [
              -0.052841827320462824,
              51.53492793398791
            ],
            [
              -0.05470654996747293,
              51.53515670869127
            ],
            [
              -0.05906337945261003,
              51.53408682124136
            ],
            [
              -0.06246307227832146,
              51.53551888685326
            ],
            [
              -0.062242248422875374,
              51.53324911185848
            ],
            [
              -0.06514176954825818,
              51.53321604060047
            ],
            [
              -0.0663073242755751,
              51.53122991748067
            ],
            [
              -0.07377022823480499,
              51.53033654476595
            ],
            [
              -0.07725744545125675,
              51.527300316957714
            ],
            [
              -0.07631228891232376,
              51.52714993183093
            ],
            [
              -0.07619154233611461,
              51.52214808488962
            ],
            [
              -0.07846709759551312,
              51.521510943137585
            ],
            [
              -0.08105775315798402,
              51.521949028273724
            ],
            [
              -0.08332422009624443,
              51.51980988596209
            ],
            [
              -0.0852192673235673,
              51.5203354286816
            ],
            [
              -0.08421930113922281,
              51.523898138932225
            ],
            [
              -0.08544771405694152,
              51.52451170472663
            ],
            [
              -0.08501630945395447,
              51.526204255189654
            ],
            [
              -0.0874342255096661,
              51.5259559430584
            ],
            [
              -0.08878470633240922,
              51.52744374050149
            ],
            [
              -0.09540084698642641,
              51.52919698818564
            ],
            [
              -0.09703072673027084,
              51.53298231943697
            ],
            [
              -0.08661450930794837,
              51.53725519492479
            ],
            [
              -0.0838424450235616,
              51.546607145000294
            ],
            [
              -0.07684086663632535,
              51.546078921807656
            ],
            [
              -0.07644266166731392,
              51.5473133632845
            ],
            [
              -0.07972926670784265,
              51.55180951336887
            ],
            [
              -0.08539874793489206,
              51.55213597678691
            ],
            [
              -0.09040618526865754,
              51.5541509761412
            ],
            [
              -0.09029699087486155,
              51.55779116385311
            ],
            [
              -0.09159719701372789,
              51.560159362115115
            ],
            [
              -0.09602485888070703,
              51.561229461608555
            ],
            [
              -0.0985803384576715,
              51.5608392625313
            ],
            [
              -0.10450793248602865,
              51.56470302111267
            ],
            [
              -0.0960495773028976,
              51.57065398775471
            ],
            [
              -0.09767028080219867,
              51.57365678294996
            ]
          ]
        ]
      }
    },
    {
      "type": "Feature",
      "properties": {
        "name": "Haringey",
        "gss_code": "E09000014"
      },
      "geometry": {
        "type": "Polygon",
        "coordinates": [
          [
            [
              -0.1424186496028464,
              51.5691221040967
            ],
            [
              -0.15035637167985022,
              51.57157652866478
            ],
            [
              -0.16045210568099746,
              51.57278733799561
            ],
            [
              -0.17128971918293825,
              51.57242617800342
            ],
            [
              -0.17118442194704658,
              51.57361153235701
            ],
            [
              -0.16948115718145396,
              51.573980640598535
            ],
            [
              -0.1693428656256899,
              51.577422567614754
            ],
            [
              -0.16809277244839604,
              51.57692646336053
            ],
            [
              -0.16683992977463571,
              51.578651422353715
            ],
            [
              -0.16722403685288692,
              51.58130118263276
            ],
            [
              -0.1657467004355767,
              51.58322045590491
            ],
            [
              -0.16122933416583105,
              51.58535289831619
            ],
            [
              -0.15964851760284177,
              51.58446485059518
            ],
            [
              -0.15718227402153886,
              51.58619765070203
            ],
            [
              -0.15870949976605545,
              51.58662627899427
            ],
            [
              -0.1586405720624945,
              51.58797405506024
            ],
            [
              -0.16027149400832624,
              51.58798164750014
            ],
            [
              -0.15869200485227772,
              51.5920574023314
            ],
            [
              -0.15967989583085568,
              51.59226173672993
            ],
            [
              -0.1617938091393172,
              51.597474468952285
            ],
            [
              -0.15636330489959208,
              51.60535653010622
            ],
            [
              -0.15330953986268928,
              51.60267376217809
            ],
            [
              -0.1530303332252115,
              51.59923428334118
            ],
            [
              -0.15137025903204368,
              51.59744564287992
            ],
            [
              -0.14448932425363947,
              51.600124702605896
            ],
            [
              -0.14218235721516176,
              51.60322655124044
            ],
            [
              -0.14345483063276857,
              51.608848934615466
            ],
            [
              -0.13528444474814838,
              51.61121930538556
            ],
            [
              -0.12869521393685654,
              51.60954077787928
            ],
            [
              -0.12633632985205098,
              51.60930531590762
            ],
            [
              -0.12535376544592144,
              51.61001801149835
            ],
            [
              -0.12354487391476716,
              51.60870319623216
            ],
            [
              -0.11751428307615865,
              51.60820197703503
            ],
            [
              -0.11082481660092534,
              51.60861606264491
            ],
            [
              -0.1025444349174175,
              51.60804187194143
            ],
            [
              -0.09580509874282962,
              51.609299583697414
            ],
            [
              -0.09515309192253488,
              51.608659534689444
            ],
            [
              -0.0924775444637446,
              51.60909268352306
            ],
            [
              -0.08584566057365592,
              51.60847215206738
            ],
            [
              -0.05437356587331123,
              51.60886293219876
            ],
            [
              -0.04144202336342884,
              51.60563538035504
            ],
            [
              -0.0507201574192868,
              51.59637469540961
            ],
            [
              -0.0534850214225493,
              51.590467549619014
            ],
            [
              -0.05223712905238092,
              51.58757823572758
            ],
            [
              -0.05794185565785405,
              51.58243914093934
            ],
            [
              -0.061714794461493305,
              51.58027137782152
            ],
            [
              -0.06226433345479423,
              51.57922833008813
            ],
            [
              -0.06118573382793552,
              51.57778070537839
            ],
            [
              -0.07092953639112799,
              51.57569316360183
            ],
            [
              -0.0757870668678354,
              51.575494149997894
            ],
            [
              -0.07624362780782971,
              51.57493510846803
            ],
            [
              -0.08087534742869909,
              51.575640424120635
            ],
            [
              -0.08723594605652549,
              51.574701147765715
            ],
            [
              -0.08687796177972269,
              51.57429065012823
            ],
            [
              -0.0978019498551467,
              51.57361395506343
            ],
            [
              -0.0960495773028976,
              51.57065398775471
            ],
            [
              -0.10487138906887625,
              51.56463695214608
            ],
            [
              -0.11504311202783467,
              51.57057395708126
            ],
            [
              -0.11558106993304462,
              51.57256993001118
            ],
            [
              -0.11757945727375113,
              51.574148706263806
            ],
            [
              -0.11956113551163573,
              51.574387305120446
            ],
            [
              -0.11954361749115339,
              51.57551108011223
            ],
            [
              -0.12488393363292392,
              51.57409479795861
            ],
            [
              -0.1313855225095488,
              51.57356004591177
            ],
            [
              -0.1424186496028464,
              51.5691221040967
            ]
          ]
        ]
      }
    },
    {
      "type": "Feature",
      "properties": {
        "name": "Newham",
        "gss_code": "E09000025"
      },
      "geometry": {
        "type": "Polygon",
        "coordinates": [
          [
            [
              0.029047751536729824,
              51.49608539008945
            ],
            [
              0.021921287677803502,
              51.49652323088322
            ],
            [
              0.016216014356473,
              51.49880669499471
            ],
            [
              0.0075922138400842994,
              51.50551032776512
            ],
            [
              0.009863418586789815,
              51.50833110188385
            ],
            [
              0.005930098321245362,
              51.50999015042526
            ],
            [
              0.007995466250424023,
              51.51271556047207
            ],
            [
              0.007296587105317579,
              51.51419333140092
            ],
            [
              0.005478014153017022,
              51.51413451578707
            ],
            [
              0.004255091979843859,
              51.5109000709193
            ],
            [
              0.002499593417554581,
              51.51063330032377
            ],
            [
              0.0038067926105336135,
              51.51513429033521
            ],
            [
              -0.002295802130950868,
              51.51796317399409
            ],
            [
              -0.005382872290556057,
              51.51658588170078
            ],
            [
              -0.006816183392430226,
              51.518750501694804
            ],
            [
              -0.00884676129059256,
              51.519783176694695
            ],
            [
              -0.007528860336609646,
              51.526199533928555
            ],
            [
              -0.01093598572489405,
              51.52939579281669
            ],
            [
              -0.017448404348201982,
              51.53148442454032
            ],
            [
              -0.019349137896518723,
              51.53519451727284
            ],
            [
              -0.021166139361302877,
              51.53652011992959
            ],
            [
              -0.016088182027918615,
              51.542540336447594
            ],
            [
              -0.01899721242299108,
              51.55160008654408
            ],
            [
              -0.01060106959732361,
              51.55261805793594
            ],
            [
              -0.009479227186172855,
              51.552212347161
            ],
            [
              -0.008670436280805778,
              51.54992349107129
            ],
            [
              -0.00035581121926288876,
              51.551715477609626
            ],
            [
              0.005172728987630429,
              51.552133694837885
            ],
            [
              0.005785349502715701,
              51.550648431293446
            ],
            [
              0.009504056244944629,
              51.55124125507021
            ],
            [
              0.010818407050389462,
              51.552261880015855
            ],
            [
              0.009615102798266611,
              51.5534335552624
            ],
            [
              0.011114530355335923,
              51.55439705078527
            ],
            [
              0.011627247988829754,
              51.55392064368403
            ],
            [
              0.014572557879507777,
              51.554958213581806
            ],
            [
              0.016946312640415576,
              51.55318184902307
            ],
            [
              0.021536372817316202,
              51.55487439754287
            ],
            [
              0.020343235404153046,
              51.55627082458319
            ],
            [
              0.022473456682982017,
              51.55616218033071
            ],
            [
              0.023053122679415387,
              51.55687159763932
            ],
            [
              0.023758087207256355,
              51.55552852788561
            ],
            [
              0.025273623896131192,
              51.55554733851982
            ],
            [
              0.025337490271046512,
              51.55406244892322
            ],
            [
              0.03534421783351504,
              51.555256154581784
            ],
            [
              0.046302295928064986,
              51.55481373822972
            ],
            [
              0.0428553527952395,
              51.55837195826108
            ],
            [
              0.04192586699621959,
              51.561454637202864
            ],
            [
              0.05032129679356764,
              51.5639880378257
            ],
            [
              0.0545248950269088,
              51.55961600400537
            ],
            [
              0.06015146073841938,
              51.55642385280419
            ],
            [
              0.0635960182937752,
              51.557307547828024
            ],
            [
              0.06659516769813721,
              51.55472780727431
            ],
            [
              0.06695059553851498,
              51.55302192484721
            ],
            [
              0.0677890235528089,
              51.5530611060214
            ],
            [
              0.0687096335521625,
              51.54632732083192
            ],
            [
              0.06667317736263402,
              51.54053593514124
            ],
            [
              0.06888636723458025,
              51.53718759879102
            ],
            [
              0.06793301320401597,
              51.536197224304
            ],
            [
              0.06945116984348788,
              51.53628735549587
            ],
            [
              0.07192410127135573,
              51.53295235956655
            ],
            [
              0.07270843190762429,
              51.52926946415053
            ],
            [
              0.07538936477514495,
              51.529887521045566
            ],
            [
              0.0779159221083256,
              51.529330201849476
            ],
            [
              0.08559789108726365,
              51.52580358658785
            ],
            [
              0.08923321073635253,
              51.52648528730541
            ],
            [
              0.09251502527432379,
              51.525743332366176
            ],
            [
              0.0924807170055065,
              51.52247956686511
            ],
            [
              0.09501020314282192,
              51.52042902029207
            ],
            [
              0.09488395966665791,
              51.51704998776523
            ],
            [
              0.09979614096449793,
              51.51448012970312
            ],
            [
              0.09970634640308287,
              51.51190080390502
            ],
            [
              0.09243088862925607,
              51.511329402070494
            ],
            [
              0.08804676542436148,
              51.50968992021587
            ],
            [
              0.07771478292140906,
              51.49989143781888
            ],
            [
              0.07152528893829405,
              51.497482962509125
            ],
            [
              0.059259942537268316,
              51.49642202451806
            ],
            [
              0.04418927788369226,
              51.49736916409462
            ],
            [
              0.029047751536729824,
              51.49608539008945
            ]
          ]
        ]
      }
    },
    {
      "type": "Feature",
      "properties": {
        "name": "Barking and Dagenham",
        "gss_code": "E09000002"
      },
      "geometry": {
        "type": "Polygon",
        "coordinates": [
          [
            [
              0.09970634640308287,
              51.51190080390502
            ],
            [
              0.09979614096449793,
              51.51448012970312
            ],
            [
              0.09488395966665791,
              51.51704998776523
            ],
            [
              0.09501020314282192,
              51.52042902029207
            ],
            [
              0.0924807170055065,
              51.52247956686511
            ],
            [
              0.09251502527432379,
              51.525743332366176
            ],
            [
              0.08923321073635253,
              51.52648528730541
            ],
            [
              0.08559789108726365,
              51.52580358658785
            ],
            [
              0.0779159221083256,
              51.529330201849476
            ],
            [
              0.07538936477514495,
              51.529887521045566
            ],
            [
              0.07270843190762429,
              51.52926946415053
            ],
            [
              0.07192410127135573,
              51.53295235956655
            ],
            [
              0.06945116984348788,
              51.53628735549587
            ],
            [
              0.06793301320401597,
              51.536197224304
            ],
            [
              0.06888636723458025,
              51.53718759879102
            ],
            [
              0.06683037290162196,
              51.539867704167435
            ],
            [
              0.06722387390092036,
              51.54250462994536
            ],
            [
              0.06831978546029567,
              51.54440975380016
            ],
            [
              0.07178608520235008,
              51.54356621895479
            ],
            [
              0.07679482902501812,
              51.544610734342925
            ],
            [
              0.07790789621964929,
              51.54403347408829
            ],
            [
              0.08599354606701948,
              51.547388144702396
            ],
            [
              0.09148684060571816,
              51.5482885282327
            ],
            [
              0.09260240075658734,
              51.54965351617534
            ],
            [
              0.09350964268471239,
              51.54585138334385
            ],
            [
              0.10422074255514328,
              51.549805400883535
            ],
            [
              0.10840765567075084,
              51.55269783523555
            ],
            [
              0.11191126216210814,
              51.552661792408045
            ],
            [
              0.11473234927511994,
              51.555326786935666
            ],
            [
              0.11272489138091174,
              51.55652302239999
            ],
            [
              0.11332453357724967,
              51.557321570329556
            ],
            [
              0.11893758055226872,
              51.557346222201836
            ],
            [
              0.1204935200946707,
              51.55854112526911
            ],
            [
              0.11747829746347933,
              51.559162130025335
            ],
            [
              0.1197539936342932,
              51.562493319769516
            ],
            [
              0.11903026161193368,
              51.56306394489398
            ],
            [
              0.12472436674899828,
              51.564192970442726
            ],
            [
              0.12930388268423113,
              51.566475043849216
            ],
            [
              0.12990117633272405,
              51.57153612148681
            ],
            [
              0.1315600485722906,
              51.571829735500906
            ],
            [
              0.1308812876288826,
              51.57336184140035
            ],
            [
              0.1300743601471993,
              51.57307973235009
            ],
            [
              0.12942297180449214,
              51.5739638536239
            ],
            [
              0.12917250545519,
              51.57632450096011
            ],
            [
              0.131604112047264,
              51.577089699430545
            ],
            [
              0.13080111449284343,
              51.57936146576416
            ],
            [
              0.13346828405538572,
              51.580221268855986
            ],
            [
              0.13253810453321904,
              51.5813173082389
            ],
            [
              0.12776053288409459,
              51.58162885782311
            ],
            [
              0.1263674463290588,
              51.58672601614911
            ],
            [
              0.1310097767405426,
              51.5875230906291
            ],
            [
              0.12955439749073447,
              51.59004949269955
            ],
            [
              0.14657040797458806,
              51.59943364875684
            ],
            [
              0.14817992998137744,
              51.59896355303085
            ],
            [
              0.14805696388272102,
              51.59635790610278
            ],
            [
              0.1498089316079252,
              51.59707222313017
            ],
            [
              0.15113231433516724,
              51.59543826898263
            ],
            [
              0.15119491575845967,
              51.58912420237092
            ],
            [
              0.1509266826776803,
              51.58375144313299
            ],
            [
              0.1483888668251102,
              51.58074938590109
            ],
            [
              0.14745273850842794,
              51.58079350049591
            ],
            [
              0.14702803507125306,
              51.576376827229616
            ],
            [
              0.14698058413022408,
              51.57567625880809
            ],
            [
              0.14810364303412174,
              51.57561973231871
            ],
            [
              0.14789892919052333,
              51.57311449394866
            ],
            [
              0.14895788068753266,
              51.57322999528959
            ],
            [
              0.14975819262790785,
              51.56969915439716
            ],
            [
              0.14664222983166778,
              51.569414480342864
            ],
            [
              0.1467563534411798,
              51.568773904369486
            ],
            [
              0.15143785422288839,
              51.56798671379211
            ],
            [
              0.16187111046863747,
              51.56160787482753
            ],
            [
              0.17339243801425344,
              51.56510004622551
            ],
            [
              0.18348488568659058,
              51.56463386888354
            ],
            [
              0.1851574150708328,
              51.565511006115806
            ],
            [
              0.18261885218474752,
              51.561313638869564
            ],
            [
              0.18477071778069282,
              51.559852714502995
            ],
            [
              0.18473637000295437,
              51.55642707730453
            ],
            [
              0.18689833706813122,
              51.55578427284451
            ],
            [
              0.19018278331527216,
              51.552683410138805
            ],
            [
              0.18962182656456053,
              51.551515816460544
            ],
            [
              0.18746701003604938,
              51.550198095187916
            ],
            [
              0.18578155276302208,
              51.5472348882253
            ],
            [
              0.1803674551140866,
              51.54410720964469
            ],
            [
              0.1792496518376241,
              51.54033299240604
            ],
            [
              0.17391372513895942,
              51.53760824776759
            ],
            [
              0.17076351906535986,
              51.53262159400636
            ],
            [
              0.16544593203238886,
              51.52843029394537
            ],
            [
              0.15964921319169081,
              51.515920183505074
            ],
            [
              0.15786979942928067,
              51.50876762973436
            ],
            [
              0.14993942397056567,
              51.50990250583687
            ],
            [
              0.1379859971129176,
              51.51407789708458
            ],
            [
              0.12900232287069968,
              51.51552730690622
            ],
            [
              0.12337813098184762,
              51.51515265259685
            ],
            [
              0.10819372938326521,
              51.511559686691974
            ],
            [
              0.09970634640308287,
              51.51190080390502
            ]
          ]
        ]
      }
    }
  ]
}
