{
  "type": "FeatureCollection",
  "features": [
    {
      "type": "Feature",
      "properties": {
        "id": "greater_london",
        "name": "Greater London and rural fringe",
        "center_lonlat": [
          -0.085,
          51.49
        ],
        "epsg": 27700,
        "width_km": 80,
        "fixed_extent_m": [
          492800,
          138400,
          572800,
          218400
        ],
        "wave": 1,
        "role": "Required urban flagship; oceanic climate; urban-to-rural contrast and detailed shade experiment",
        "extent_m": [
          492800,
          138400,
          572800,
          218400
        ],
        "grid_shape": [
          800,
          800
        ],
        "pixels_before_mask": 640000,
        "resolved_center_lonlat": [
          -0.08863706317598806,
          51.48896211171799
        ]
      },
      "geometry": {
        "type": "Polygon",
        "coordinates": [
          [
            [
              -0.6749624679224193,
              51.13736126535084
            ],
            [
              -0.6178067915469803,
              51.136699806678685
            ],
            [
              -0.560653325959348,
              51.136010425314325
            ],
            [
              -0.5035021624307183,
              51.1352931238468
            ],
            [
              -0.44635339220908954,
              51.13454790496975
            ],
            [
              -0.38920710651834345,
              51.13377477148148
            ],
            [
              -0.3320633965573303,
              51.13297372628486
            ],
            [
              -0.27492235349895355,
              51.1321447723873
            ],
            [
              -0.21778406848925547,
              51.13128791290077
            ],
            [
              -0.16064863264650373,
              51.13040315104169
            ],
            [
              -0.10351613706027704,
              51.129490490130905
            ],
            [
              -0.04638667279055573,
              51.12854993359369
            ],
            [
              0.010739669133194706,
              51.127581484959606
            ],
            [
              0.06786279771292919,
              51.12658514786262
            ],
            [
              0.12498262198293726,
              51.12556092604087
            ],
            [
              0.18209905101074814,
              51.12450882333676
            ],
            [
              0.23921199389804346,
              51.12342884369686
            ],
            [
              0.2963213597815623,
              51.12232099117184
            ],
            [
              0.35342705783400735,
              51.12118526991645
            ],
            [
              0.41052899726495307,
              51.120021684189496
            ],
            [
              0.46762708732174607,
              51.118830238353674
            ],
            [
              0.46954425459699556,
              51.15476493010518
            ],
            [
              0.47146537264328253,
              51.190699347763434
            ],
            [
              0.4733904521787512,
              51.22663349124632
            ],
            [
              0.4753195039614946,
              51.26256736047158
            ],
            [
              0.477252538789738,
              51.298500955356744
            ],
            [
              0.47918956750202274,
              51.33443427581916
            ],
            [
              0.48113060097739513,
              51.37036732177598
            ],
            [
              0.48307565013559073,
              51.40630009314412
            ],
            [
              0.48502472593722523,
              51.4422325898403
            ],
            [
              0.486977839383983,
              51.4781648117811
            ],
            [
              0.48893500151880914,
              51.514096758882815
            ],
            [
              0.49089622342609857,
              51.55002843106156
            ],
            [
              0.49286151623189084,
              51.58595982823323
            ],
            [
              0.49483089110406286,
              51.62189095031351
            ],
            [
              0.4968043592525245,
              51.65782179721785
            ],
            [
              0.49878193192941245,
              51.69375236886147
            ],
            [
              0.5007636204292922,
              51.729682665159444
            ],
            [
              0.5027494360893513,
              51.765612686026515
            ],
            [
              0.5047393902895997,
              51.80154243137723
            ],
            [
              0.5067334944530716,
              51.83747190112592
            ],
            [
              0.44873264272567653,
              51.838694216304916
            ],
            [
              0.39072772536117645,
              51.839887951145435
            ],
            [
              0.3327188381891961,
              51.84105310105882
            ],
            [
              0.2747060770808044,
              51.8421896615657
            ],
            [
              0.2166895379475271,
              51.84329762829608
            ],
            [
              0.15866931674034837,
              51.84437699698945
            ],
            [
              0.10064550944872121,
              51.845427763494726
            ],
            [
              0.04261821209956951,
              51.846449923770415
            ],
            [
              -0.015412479243708045,
              51.84744347388463
            ],
            [
              -0.07344646848223384,
              51.84840841001509
            ],
            [
              -0.13148365948265225,
              51.849344728449225
            ],
            [
              -0.18952395607812556,
              51.850252425584216
            ],
            [
              -0.2475672620693347,
              51.85113149792703
            ],
            [
              -0.30561348122548115,
              51.85198194209448
            ],
            [
              -0.363662517285289,
              51.85280375481323
            ],
            [
              -0.4217142739580044,
              51.8535969329199
            ],
            [
              -0.4797686549244023,
              51.85436147336105
            ],
            [
              -0.5378255638377886,
              51.85509737319325
            ],
            [
              -0.5958849043250044,
              51.85580462958309
            ],
            [
              -0.6539465799874334,
              51.8564832398073
            ],
            [
              -0.6550182385501905,
              51.820529394323174
            ],
            [
              -0.6560876645373348,
              51.78457531180474
            ],
            [
              -0.6571548641040621,
              51.74862099222645
            ],
            [
              -0.6582198433823423,
              51.712666435562916
            ],
            [
              -0.6592826084810266,
              51.67671164178893
            ],
            [
              -0.6603431654859547,
              51.640756610879464
            ],
            [
              -0.6614015204600624,
              51.60480134280972
            ],
            [
              -0.6624576794434888,
              51.56884583755499
            ],
            [
              -0.6635116484536817,
              51.53289009509085
            ],
            [
              -0.664563433485503,
              51.496934115392996
            ],
            [
              -0.6656130405113344,
              51.46097789843733
            ],
            [
              -0.6666604754811799,
              51.42502144419994
            ],
            [
              -0.6677057443227729,
              51.38906475265708
            ],
            [
              -0.6687488529416754,
              51.35310782378524
            ],
            [
              -0.6697898072213818,
              51.31715065756105
            ],
            [
              -0.6708286130234236,
              51.28119325396131
            ],
            [
              -0.6718652761874657,
              51.24523561296314
            ],
            [
              -0.6728998025314126,
              51.2092777345437
            ],
            [
              -0.6739321978515048,
              51.17331961868038
            ],
            [
              -0.6749624679224193,
              51.13736126535084
            ]
          ]
        ]
      }
    },
    {
      "type": "Feature",
      "properties": {
        "id": "cabauw",
        "name": "Cabauw and central Netherlands",
        "center_lonlat": [
          4.928,
          51.968
        ],
        "epsg": 32631,
        "width_km": 50,
        "wave": 1,
        "role": "Oceanic lowlands; pasture, wet soils, agriculture, towns; candidate radiation reference",
        "extent_m": [
          607400,
          5734200,
          657400,
          5784200
        ],
        "grid_shape": [
          500,
          500
        ],
        "pixels_before_mask": 250000,
        "resolved_center_lonlat": [
          4.927308639939857,
          51.96769993042089
        ]
      },
      "geometry": {
        "type": "Polygon",
        "coordinates": [
          [
            [
              4.555782685254125,
              51.74839684250448
            ],
            [
              4.591982462085976,
              51.74791200759
            ],
            [
              4.628181210673172,
              51.7474160276828
            ],
            [
              4.664378907688696,
              51.746908903525934
            ],
            [
              4.70057552980981,
              51.746390635879095
            ],
            [
              4.7367710537181456,
              51.745861225518674
            ],
            [
              4.772965456099797,
              51.7453206732377
            ],
            [
              4.8091587136454175,
              51.74476897984581
            ],
            [
              4.84535080305031,
              51.744206146169304
            ],
            [
              4.881541701014526,
              51.74363217305116
            ],
            [
              4.917731384242959,
              51.74304706135089
            ],
            [
              4.953919829445436,
              51.74245081194475
            ],
            [
              4.9901070133368135,
              51.74184342572553
            ],
            [
              5.02629291263707,
              51.74122490360265
            ],
            [
              5.062477504071401,
              51.74059524650221
            ],
            [
              5.0986607643703135,
              51.739954455366835
            ],
            [
              5.1348426702697205,
              51.73930253115583
            ],
            [
              5.171023198511029,
              51.73863947484502
            ],
            [
              5.207202325841244,
              51.737965287426896
            ],
            [
              5.2433800290130534,
              51.7372799699105
            ],
            [
              5.279556284784922,
              51.736583523321485
            ],
            [
              5.28068769401536,
              51.75904407401457
            ],
            [
              5.281820576416217,
              51.78150452072931
            ],
            [
              5.282954934527307,
              51.80396486345082
            ],
            [
              5.284090770894447,
              51.82642510216423
            ],
            [
              5.285228088069465,
              51.848885236854606
            ],
            [
              5.286366888610234,
              51.87134526750703
            ],
            [
              5.2875071750806795,
              51.89380519410656
            ],
            [
              5.288648950050798,
              51.91626501663821
            ],
            [
              5.289792216096678,
              51.93872473508699
            ],
            [
              5.290936975800511,
              51.96118434943787
            ],
            [
              5.292083231750623,
              51.983643859675844
            ],
            [
              5.293230986541473,
              52.006103265785804
            ],
            [
              5.294380242773692,
              52.02856256775269
            ],
            [
              5.295531003054085,
              52.05102176556137
            ],
            [
              5.296683269995659,
              52.07348085919674
            ],
            [
              5.297837046217636,
              52.09593984864364
            ],
            [
              5.2989923343454715,
              52.118398733886856
            ],
            [
              5.300149137010876,
              52.140857514911225
            ],
            [
              5.301307456851831,
              52.163316191701476
            ],
            [
              5.302467296512609,
              52.1857747642424
            ],
            [
              5.265928206891429,
              52.18648248070593
            ],
            [
              5.2293876188524155,
              52.187178888353046
            ],
            [
              5.192845556453315,
              52.18786398612479
            ],
            [
              5.156302043758001,
              52.18853777297931
            ],
            [
              5.119757104836377,
              52.189200247891904
            ],
            [
              5.083210763764279,
              52.18985140985499
            ],
            [
              5.046663044623372,
              52.19049125787812
            ],
            [
              5.010113971501054,
              52.19111979098799
            ],
            [
              4.973563568490355,
              52.191737008228465
            ],
            [
              4.937011859689837,
              52.192342908660514
            ],
            [
              4.900458869203496,
              52.19293749136231
            ],
            [
              4.863904621140661,
              52.19352075542916
            ],
            [
              4.827349139615894,
              52.194092699973574
            ],
            [
              4.790792448748892,
              52.194653324125184
            ],
            [
              4.7542345726643855,
              52.195202627030824
            ],
            [
              4.717675535492038,
              52.1957406078545
            ],
            [
              4.68111536136635,
              52.196267265777415
            ],
            [
              4.644554074426551,
              52.19678259999795
            ],
            [
              4.607991698816511,
              52.19728660973168
            ],
            [
              4.5714282586846275,
              52.19777929421135
            ],
            [
              4.570636215792405,
              52.175311070228226
            ],
            [
              4.5698452114568004,
              52.15284275166903
            ],
            [
              4.569055243869025,
              52.1303743385314
            ],
            [
              4.568266311224595,
              52.10790583081302
            ],
            [
              4.567478411723323,
              52.08543722851157
            ],
            [
              4.566691543569309,
              52.06296853162479
            ],
            [
              4.565905704970915,
              52.040499740150366
            ],
            [
              4.565120894140765,
              52.01803085408606
            ],
            [
              4.56433710929573,
              51.99556187342961
            ],
            [
              4.563554348656908,
              51.97309279817881
            ],
            [
              4.56277261044962,
              51.95062362833145
            ],
            [
              4.561991892903395,
              51.928154363885334
            ],
            [
              4.561212194251959,
              51.9056850048383
            ],
            [
              4.560433512733218,
              51.88321555118818
            ],
            [
              4.559655846589249,
              51.86074600293286
            ],
            [
              4.558879194066288,
              51.8382763600702
            ],
            [
              4.558103553414718,
              51.815806622598096
            ],
            [
              4.557328922889058,
              51.79333679051448
            ],
            [
              4.5565553007479425,
              51.77086686381728
            ],
            [
              4.555782685254125,
              51.74839684250448
            ]
          ]
        ]
      }
    },
    {
      "type": "Feature",
      "properties": {
        "id": "darwin_howard_springs",
        "name": "Darwin and Howard Springs",
        "center_lonlat": [
          131.01,
          -12.46
        ],
        "epsg": 32752,
        "width_km": 60,
        "wave": 1,
        "role": "Tropical wet/dry seasons; savanna and development; OzFlux candidate",
        "extent_m": [
          688500,
          8591800,
          748500,
          8651800
        ],
        "grid_shape": [
          600,
          600
        ],
        "pixels_before_mask": 360000,
        "resolved_center_lonlat": [
          131.01027558462238,
          -12.459569266573682
        ]
      },
      "geometry": {
        "type": "Polygon",
        "coordinates": [
          [
            [
              130.7361851576629,
              -12.732646387981458
            ],
            [
              130.76380761788636,
              -12.732463792607026
            ],
            [
              130.7914296456131,
              -12.732278318650465
            ],
            [
              130.81905123408006,
              -12.732089966323219
            ],
            [
              130.84667237652465,
              -12.731898735840009
            ],
            [
              130.87429306618492,
              -12.73170462741883
            ],
            [
              130.90191329629945,
              -12.73150764128095
            ],
            [
              130.92953306010753,
              -12.731307777650903
            ],
            [
              130.95715235084893,
              -12.731105036756505
            ],
            [
              130.98477116176412,
              -12.73089941882883
            ],
            [
              131.01238948609415,
              -12.730690924102229
            ],
            [
              131.04000731708075,
              -12.730479552814318
            ],
            [
              131.06762464796626,
              -12.730265305205993
            ],
            [
              131.09524147199363,
              -12.730048181521402
            ],
            [
              131.12285778240656,
              -12.72982818200797
            ],
            [
              131.15047357244939,
              -12.729605306916387
            ],
            [
              131.1780888353671,
              -12.729379556500604
            ],
            [
              131.20570356440535,
              -12.729150931017843
            ],
            [
              131.23331775281056,
              -12.728919430728588
            ],
            [
              131.26093139382982,
              -12.728685055896586
            ],
            [
              131.28854448071093,
              -12.728447806788845
            ],
            [
              131.2883016206215,
              -12.701340835598216
            ],
            [
              131.28805932113687,
              -12.674233804589159
            ],
            [
              131.28781758197277,
              -12.64712671388265
            ],
            [
              131.28757640284567,
              -12.620019563599714
            ],
            [
              131.28733578347283,
              -12.592912353861404
            ],
            [
              131.28709572357212,
              -12.565805084788826
            ],
            [
              131.2868562228622,
              -12.53869775650312
            ],
            [
              131.28661728106252,
              -12.511590369125479
            ],
            [
              131.28637889789314,
              -12.484482922777122
            ],
            [
              131.2861410730749,
              -12.457375417579327
            ],
            [
              131.28590380632934,
              -12.430267853653392
            ],
            [
              131.2856670973788,
              -12.403160231120681
            ],
            [
              131.2854309459462,
              -12.376052550102582
            ],
            [
              131.28519535175528,
              -12.348944810720525
            ],
            [
              131.2849603145305,
              -12.321837013095989
            ],
            [
              131.28472583399704,
              -12.294729157350488
            ],
            [
              131.2844919098807,
              -12.26762124360558
            ],
            [
              131.28425854190812,
              -12.240513271982865
            ],
            [
              131.28402572980661,
              -12.213405242603976
            ],
            [
              131.28379347330414,
              -12.1862971555906
            ],
            [
              131.256237591641,
              -12.186523993170812
            ],
            [
              131.22868116133495,
              -12.186748082593827
            ],
            [
              131.20112418907144,
              -12.186969423604976
            ],
            [
              131.17356668153664,
              -12.187188015952708
            ],
            [
              131.14600864541748,
              -12.187403859388594
            ],
            [
              131.11845008740147,
              -12.1876169536673
            ],
            [
              131.09089101417683,
              -12.187827298546623
            ],
            [
              131.0633314324324,
              -12.188034893787458
            ],
            [
              131.03577134885776,
              -12.188239739153838
            ],
            [
              131.00821077014308,
              -12.188441834412888
            ],
            [
              130.98064970297915,
              -12.188641179334867
            ],
            [
              130.95308815405747,
              -12.188837773693143
            ],
            [
              130.92552613007,
              -12.189031617264202
            ],
            [
              130.89796363770952,
              -12.189222709827657
            ],
            [
              130.87040068366923,
              -12.189411051166227
            ],
            [
              130.84283727464307,
              -12.189596641065766
            ],
            [
              130.81527341732544,
              -12.189779479315234
            ],
            [
              130.78770911841136,
              -12.18995956570672
            ],
            [
              130.76014438459646,
              -12.190136900035439
            ],
            [
              130.73257922257687,
              -12.190311482099714
            ],
            [
              130.73275550113863,
              -12.217428764519509
            ],
            [
              130.73293220141449,
              -12.244545991101711
            ],
            [
              130.73310932361105,
              -12.271663161729148
            ],
            [
              130.73328686793545,
              -12.29878027628467
            ],
            [
              130.73346483459545,
              -12.325897334651193
            ],
            [
              130.73364322379925,
              -12.353014336711661
            ],
            [
              130.73382203575554,
              -12.380131282349073
            ],
            [
              130.7340012706738,
              -12.40724817144646
            ],
            [
              130.73418092876378,
              -12.434365003886919
            ],
            [
              130.73436101023597,
              -12.461481779553575
            ],
            [
              130.7345415153013,
              -12.488598498329596
            ],
            [
              130.7347224441713,
              -12.51571516009821
            ],
            [
              130.73490379705802,
              -12.542831764742672
            ],
            [
              130.73508557417412,
              -12.569948312146296
            ],
            [
              130.73526777573272,
              -12.59706480219244
            ],
            [
              130.73545040194756,
              -12.624181234764494
            ],
            [
              130.7356334530329,
              -12.651297609745912
            ],
            [
              130.7358169292036,
              -12.67841392702018
            ],
            [
              130.73600083067493,
              -12.705530186470835
            ],
            [
              130.7361851576629,
              -12.732646387981458
            ]
          ]
        ]
      }
    },
    {
      "type": "Feature",
      "properties": {
        "id": "gobabeb",
        "name": "Gobabeb and Namib gravel plains",
        "center_lonlat": [
          15.055,
          -23.55
        ],
        "epsg": 32733,
        "width_km": 50,
        "wave": 1,
        "role": "Arid desert; gravel, dunes, fog; independent LST reference candidate",
        "extent_m": [
          480600,
          7370600,
          530600,
          7420600
        ],
        "grid_shape": [
          500,
          500
        ],
        "pixels_before_mask": 250000,
        "resolved_center_lonlat": [
          15.054868780307594,
          -23.54992952312626
        ]
      },
      "geometry": {
        "type": "Polygon",
        "coordinates": [
          [
            [
              14.809592530108896,
              -23.77563889178227
            ],
            [
              14.834129489266477,
              -23.77566719656009
            ],
            [
              14.858666483932826,
              -23.775691602655293
            ],
            [
              14.883203508855242,
              -23.775712110046975
            ],
            [
              14.907740558780997,
              -23.77572871871757
            ],
            [
              14.932277628457323,
              -23.775741428652843
            ],
            [
              14.956814712631424,
              -23.775750239841912
            ],
            [
              14.981351806050494,
              -23.775755152277224
            ],
            [
              15.005888903461711,
              -23.775756165954572
            ],
            [
              15.030425999612252,
              -23.775753280873086
            ],
            [
              15.05496308924929,
              -23.77574649703524
            ],
            [
              15.079500167120008,
              -23.775735814446847
            ],
            [
              15.104037227971604,
              -23.775721233117054
            ],
            [
              15.1285742665513,
              -23.77570275305835
            ],
            [
              15.153111277606344,
              -23.775680374286587
            ],
            [
              15.177648255884018,
              -23.77565409682091
            ],
            [
              15.202185196131643,
              -23.775623920683852
            ],
            [
              15.226722093096594,
              -23.77558984590125
            ],
            [
              15.251258941526293,
              -23.77555187250231
            ],
            [
              15.275795736168227,
              -23.775510000519553
            ],
            [
              15.300332471769954,
              -23.775464229988856
            ],
            [
              15.300280651336626,
              -23.752883129275318
            ],
            [
              15.300228895146802,
              -23.73030196249036
            ],
            [
              15.30017720315146,
              -23.707720729681522
            ],
            [
              15.30012557530167,
              -23.685139430896403
            ],
            [
              15.30007401154857,
              -23.66255806618264
            ],
            [
              15.30002251184339,
              -23.639976635587896
            ],
            [
              15.29997107613743,
              -23.617395139159886
            ],
            [
              15.299919704382084,
              -23.594813576946382
            ],
            [
              15.299868396528806,
              -23.57223194899516
            ],
            [
              15.299817152529142,
              -23.549650255354074
            ],
            [
              15.299765972334724,
              -23.527068496070996
            ],
            [
              15.299714855897246,
              -23.504486671193852
            ],
            [
              15.299663803168496,
              -23.481904780770602
            ],
            [
              15.29961281410033,
              -23.45932282484925
            ],
            [
              15.299561888644694,
              -23.43674080347785
            ],
            [
              15.299511026753605,
              -23.414158716704474
            ],
            [
              15.29946022837916,
              -23.391576564577257
            ],
            [
              15.299409493473538,
              -23.36899434714437
            ],
            [
              15.299358821988998,
              -23.346412064454018
            ],
            [
              15.299308213877868,
              -23.323829716554446
            ],
            [
              15.274855156002173,
              -23.323874516011955
            ],
            [
              15.250402039974066,
              -23.32391549963303
            ],
            [
              15.225948870967011,
              -23.32395266738271
            ],
            [
              15.201495654154542,
              -23.32398601922929
            ],
            [
              15.17704239471025,
              -23.324015555144324
            ],
            [
              15.152589097807786,
              -23.324041275102612
            ],
            [
              15.128135768620835,
              -23.32406317908221
            ],
            [
              15.103682412323133,
              -23.32408126706444
            ],
            [
              15.079229034088442,
              -23.324095539033866
            ],
            [
              15.054775639090556,
              -23.32410599497833
            ],
            [
              15.030322232503288,
              -23.324112634888895
            ],
            [
              15.005868819500462,
              -23.324115458759895
            ],
            [
              14.981415405255916,
              -23.324114466588934
            ],
            [
              14.956961994943486,
              -23.32410965837685
            ],
            [
              14.932508593737005,
              -23.324101034127747
            ],
            [
              14.908055206810289,
              -23.32408859384899
            ],
            [
              14.883601839337146,
              -23.32407233755118
            ],
            [
              14.859148496491349,
              -23.32405226524818
            ],
            [
              14.834695183446652,
              -23.324028376957127
            ],
            [
              14.810241905376762,
              -23.324000672698393
            ],
            [
              14.810209820045296,
              -23.346583205299456
            ],
            [
              14.810177694535174,
              -23.36916567275193
            ],
            [
              14.810145528816173,
              -23.39174807500765
            ],
            [
              14.810113322858026,
              -23.41433041201852
            ],
            [
              14.810081076630409,
              -23.436912683736427
            ],
            [
              14.810048790102956,
              -23.45949489011335
            ],
            [
              14.810016463245242,
              -23.482077031101287
            ],
            [
              14.809984096026799,
              -23.50465910665228
            ],
            [
              14.80995168841711,
              -23.527241116718404
            ],
            [
              14.8099192403856,
              -23.5498230612518
            ],
            [
              14.809886751901649,
              -23.57240494020462
            ],
            [
              14.80985422293459,
              -23.594986753529078
            ],
            [
              14.809821653453696,
              -23.61756850117742
            ],
            [
              14.809789043428196,
              -23.640150183101944
            ],
            [
              14.809756392827271,
              -23.66273179925497
            ],
            [
              14.809723701620047,
              -23.685313349588885
            ],
            [
              14.809690969775597,
              -23.707894834056095
            ],
            [
              14.809658197262948,
              -23.730476252609055
            ],
            [
              14.809625384051072,
              -23.75305760520027
            ],
            [
              14.809592530108896,
              -23.77563889178227
            ]
          ]
        ]
      }
    },
    {
      "type": "Feature",
      "properties": {
        "id": "boulder",
        "name": "Boulder and Table Mountain",
        "center_lonlat": [
          -105.24,
          40.1
        ],
        "epsg": 32613,
        "width_km": 50,
        "wave": 1,
        "role": "Dry foothills, grassland, development and snow; SURFRAD reference candidate",
        "extent_m": [
          454500,
          4413900,
          504500,
          4463900
        ],
        "grid_shape": [
          500,
          500
        ],
        "pixels_before_mask": 250000,
        "resolved_center_lonlat": [
          -105.24051176532757,
          40.10014369184555
        ]
      },
      "geometry": {
        "type": "Polygon",
        "coordinates": [
          [
            [
              -105.53205984867044,
              39.87392751220274
            ],
            [
              -105.5028268826243,
              39.874057926675725
            ],
            [
              -105.4735937315735,
              39.87418097386441
            ],
            [
              -105.44436040627188,
              39.874296653635405
            ],
            [
              -105.41512691747369,
              39.87440496586324
            ],
            [
              -105.38589327593351,
              39.874505910430464
            ],
            [
              -105.35665949240637,
              39.874599487227606
            ],
            [
              -105.32742557764753,
              39.87468569615321
            ],
            [
              -105.29819154241261,
              39.874764537113776
            ],
            [
              -105.26895739745751,
              39.874836010023806
            ],
            [
              -105.23972315353835,
              39.87490011480577
            ],
            [
              -105.21048882141149,
              39.8749568513902
            ],
            [
              -105.18125441183354,
              39.87500621971551
            ],
            [
              -105.15201993556121,
              39.8750482197282
            ],
            [
              -105.12278540335144,
              39.87508285138271
            ],
            [
              -105.09355082596127,
              39.87511011464149
            ],
            [
              -105.06431621414781,
              39.87513000947495
            ],
            [
              -105.03508157866833,
              39.87514253586155
            ],
            [
              -105.00584693028006,
              39.875147693787675
            ],
            [
              -104.97661227974032,
              39.87514548324775
            ],
            [
              -104.94737763780645,
              39.87513590424415
            ],
            [
              -104.9473604140911,
              39.897660844803745
            ],
            [
              -104.94734317098832,
              39.92018569760102
            ],
            [
              -104.94732590847376,
              39.942710462624014
            ],
            [
              -104.94730862652308,
              39.96523513986085
            ],
            [
              -104.94729132511186,
              39.98775972929967
            ],
            [
              -104.94727400421561,
              40.010284230928725
            ],
            [
              -104.94725666380984,
              40.03280864473626
            ],
            [
              -104.94723930387,
              40.05533297071059
            ],
            [
              -104.94722192437149,
              40.07785720884012
            ],
            [
              -104.94720452528965,
              40.10038135911326
            ],
            [
              -104.9471871065998,
              40.122905421518524
            ],
            [
              -104.9471696682772,
              40.145429396044456
            ],
            [
              -104.94715221029705,
              40.16795328267964
            ],
            [
              -104.94713473263455,
              40.19047708141274
            ],
            [
              -104.94711723526483,
              40.21300079223246
            ],
            [
              -104.94709971816293,
              40.23552441512754
            ],
            [
              -104.9470821813039,
              40.258047950086834
            ],
            [
              -104.94706462466274,
              40.28057139709918
            ],
            [
              -104.94704704821436,
              40.303094756153534
            ],
            [
              -104.94702945193369,
              40.32561802723886
            ],
            [
              -104.97645753036834,
              40.32562775931594
            ],
            [
              -105.00588561762855,
              40.32563000518055
            ],
            [
              -105.03531370268237,
              40.325624764830195
            ],
            [
              -105.06474177449788,
              40.325612038270634
            ],
            [
              -105.09416982204316,
              40.32559182551581
            ],
            [
              -105.1235978342864,
              40.32556412658783
            ],
            [
              -105.15302580019585,
              40.32552894151703
            ],
            [
              -105.18245370873981,
              40.32548627034192
            ],
            [
              -105.21188154888684,
              40.32543611310923
            ],
            [
              -105.24130930960554,
              40.32537846987384
            ],
            [
              -105.27073697986476,
              40.32531334069888
            ],
            [
              -105.30016454863356,
              40.32524072565565
            ],
            [
              -105.32959200488122,
              40.32516062482361
            ],
            [
              -105.35901933757734,
              40.3250730382905
            ],
            [
              -105.3884465356917,
              40.324977966152154
            ],
            [
              -105.41787358819451,
              40.32487540851268
            ],
            [
              -105.44730048405629,
              40.32476536548434
            ],
            [
              -105.47672721224788,
              40.32464783718756
            ],
            [
              -105.5061537617406,
              40.32452282375104
            ],
            [
              -105.53558012150613,
              40.32439032531162
            ],
            [
              -105.53540221746013,
              40.30186802571942
            ],
            [
              -105.53522451391497,
              40.27934563752115
            ],
            [
              -105.53504701061684,
              40.2568231607288
            ],
            [
              -105.53486970731238,
              40.23430059535434
            ],
            [
              -105.53469260374874,
              40.211777941409835
            ],
            [
              -105.53451569967349,
              40.189255198907425
            ],
            [
              -105.53433899483475,
              40.16673236785926
            ],
            [
              -105.53416248898102,
              40.14420944827755
            ],
            [
              -105.53398618186132,
              40.121686440174614
            ],
            [
              -105.53381007322514,
              40.09916334356272
            ],
            [
              -105.53363416282237,
              40.0766401584543
            ],
            [
              -105.53345845040344,
              40.05411688486176
            ],
            [
              -105.53328293571921,
              40.0315935227976
            ],
            [
              -105.53310761852102,
              40.00907007227434
            ],
            [
              -105.53293249856063,
              39.98654653330457
            ],
            [
              -105.5327575755903,
              39.964022905900954
            ],
            [
              -105.53258284936273,
              39.94149919007619
            ],
            [
              -105.53240831963106,
              39.91897538584303
            ],
            [
              -105.53223398614894,
              39.89645149321426
            ],
            [
              -105.53205984867044,
              39.87392751220274
            ]
          ]
        ]
      }
    },
    {
      "type": "Feature",
      "properties": {
        "id": "sioux_falls",
        "name": "Sioux Falls and agricultural surroundings",
        "center_lonlat": [
          -96.73,
          43.68
        ],
        "epsg": 32614,
        "width_km": 50,
        "wave": 1,
        "role": "Continental seasons; crops, grassland and snow; SURFRAD reference candidate",
        "extent_m": [
          658000,
          4813800,
          708000,
          4863800
        ],
        "grid_shape": [
          500,
          500
        ],
        "pixels_before_mask": 250000,
        "resolved_center_lonlat": [
          -96.7296752825155,
          43.67966873961838
        ]
      },
      "geometry": {
        "type": "Polygon",
        "coordinates": [
          [
            [
              -97.04692250146735,
              43.46043416976434
            ],
            [
              -97.01603745198324,
              43.45990228309389
            ],
            [
              -96.98515325312893,
              43.459362060139895
            ],
            [
              -96.95426991810359,
              43.45881350153658
            ],
            [
              -96.92338746010404,
              43.4582566079279
            ],
            [
              -96.89250589232473,
              43.45769137996756
            ],
            [
              -96.86162522795772,
              43.45711781831901
            ],
            [
              -96.83074548019258,
              43.456535923655444
            ],
            [
              -96.79986666221643,
              43.45594569665983
            ],
            [
              -96.7689887872139,
              43.45534713802485
            ],
            [
              -96.73811186836701,
              43.45474024845291
            ],
            [
              -96.70723591885523,
              43.45412502865617
            ],
            [
              -96.67636095185543,
              43.45350147935654
            ],
            [
              -96.64548698054178,
              43.45286960128563
            ],
            [
              -96.61461401808575,
              43.45222939518481
            ],
            [
              -96.58374207765615,
              43.45158086180514
            ],
            [
              -96.55287117241896,
              43.45092400190743
            ],
            [
              -96.52200131553738,
              43.4502588162622
            ],
            [
              -96.4911325201718,
              43.4495853056497
            ],
            [
              -96.46026479947973,
              43.44890347085986
            ],
            [
              -96.42939816661575,
              43.44821331269239
            ],
            [
              -96.42844463303221,
              43.47070152116432
            ],
            [
              -96.4274899969536,
              43.49318962406328
            ],
            [
              -96.42653425686211,
              43.515677621360524
            ],
            [
              -96.42557741123696,
              43.53816551302735
            ],
            [
              -96.42461945855435,
              43.56065329903505
            ],
            [
              -96.4236603972875,
              43.58314097935491
            ],
            [
              -96.42270022590661,
              43.60562855395824
            ],
            [
              -96.42173894287889,
              43.62811602281634
            ],
            [
              -96.42077654666846,
              43.65060338590053
            ],
            [
              -96.4198130357365,
              43.67309064318212
            ],
            [
              -96.41884840854105,
              43.695577794632456
            ],
            [
              -96.41788266353718,
              43.718064840222866
            ],
            [
              -96.41691579917688,
              43.740551779924694
            ],
            [
              -96.41594781390907,
              43.763038613709256
            ],
            [
              -96.41497870617961,
              43.78552534154793
            ],
            [
              -96.41400847443131,
              43.808011963412056
            ],
            [
              -96.41303711710384,
              43.83049847927299
            ],
            [
              -96.41206463263384,
              43.85298488910212
            ],
            [
              -96.41109101945482,
              43.87547119287078
            ],
            [
              -96.41011627599715,
              43.89795739055038
            ],
            [
              -96.44121381968795,
              43.8986584072492
            ],
            [
              -96.4723124817108,
              43.89935096986255
            ],
            [
              -96.50341224854397,
              43.90003507756925
            ],
            [
              -96.5345131066626,
              43.900710729558
            ],
            [
              -96.56561504253887,
              43.90137792502753
            ],
            [
              -96.59671804264192,
              43.90203666318654
            ],
            [
              -96.62782209343803,
              43.90268694325367
            ],
            [
              -96.65892718139051,
              43.903328764457605
            ],
            [
              -96.69003329295987,
              43.90396212603699
            ],
            [
              -96.72114041460377,
              43.904587027240446
            ],
            [
              -96.75224853277706,
              43.9052034673266
            ],
            [
              -96.78335763393189,
              43.90581144556408
            ],
            [
              -96.81446770451764,
              43.9064109612315
            ],
            [
              -96.84557873098107,
              43.90700201361748
            ],
            [
              -96.87669069976626,
              43.90758460202065
            ],
            [
              -96.9078035973147,
              43.90815872574963
            ],
            [
              -96.93891741006532,
              43.908724384123055
            ],
            [
              -96.97003212445452,
              43.90928157646958
            ],
            [
              -97.0011477269162,
              43.90983030212785
            ],
            [
              -97.03226420388182,
              43.91037056044656
            ],
            [
              -97.03300521870189,
              43.88787467926752
            ],
            [
              -97.03374537378603,
              43.86537869920868
            ],
            [
              -97.03448467032933,
              43.842882620287504
            ],
            [
              -97.0352231095245,
              43.820386442521496
            ],
            [
              -97.03596069256189,
              43.797890165928216
            ],
            [
              -97.03669742062948,
              43.775393790525236
            ],
            [
              -97.03743329491293,
              43.752897316330134
            ],
            [
              -97.03816831659555,
              43.73040074336053
            ],
            [
              -97.03890248685828,
              43.70790407163408
            ],
            [
              -97.03963580687976,
              43.68540730116847
            ],
            [
              -97.0403682778363,
              43.66291043198136
            ],
            [
              -97.04109990090186,
              43.64041346409051
            ],
            [
              -97.04183067724813,
              43.617916397513646
            ],
            [
              -97.04256060804445,
              43.595419232268554
            ],
            [
              -97.04328969445785,
              43.57292196837306
            ],
            [
              -97.04401793765312,
              43.55042460584497
            ],
            [
              -97.04474533879267,
              43.527927144702154
            ],
            [
              -97.04547189903668,
              43.5054295849625
            ],
            [
              -97.04619761954304,
              43.482931926643914
            ],
            [
              -97.04692250146735,
              43.46043416976434
            ]
          ]
        ]
      }
    },
    {
      "type": "Feature",
      "properties": {
        "id": "sodankyla",
        "name": "Sodankyla",
        "center_lonlat": [
          26.64,
          67.36
        ],
        "epsg": 32635,
        "width_km": 50,
        "wave": 1,
        "role": "Boreal forest, wetland, seasonal snow and daylight contrast",
        "extent_m": [
          459500,
          7446600,
          509500,
          7496600
        ],
        "grid_shape": [
          500,
          500
        ],
        "pixels_before_mask": 250000,
        "resolved_center_lonlat": [
          26.63916508564492,
          67.3603780198533
        ]
      },
      "geometry": {
        "type": "Polygon",
        "coordinates": [
          [
            [
              26.065988258489426,
              67.13379950547018
            ],
            [
              26.123634717006656,
              67.13412594344274
            ],
            [
              26.181282816138015,
              67.1344315943534
            ],
            [
              26.23893244803474,
              67.13471645718278
            ],
            [
              26.296583504830444,
              67.13498053098081
            ],
            [
              26.354235878642363,
              67.13522381486676
            ],
            [
              26.411889461572592,
              67.13544630802913
            ],
            [
              26.469544145709307,
              67.13564800972576
            ],
            [
              26.52719982312803,
              67.13582891928385
            ],
            [
              26.58485638589286,
              67.13598903609991
            ],
            [
              26.642513726057715,
              67.1361283596398
            ],
            [
              26.70017173566756,
              67.13624688943874
            ],
            [
              26.757830306759676,
              67.13634462510127
            ],
            [
              26.81548933136487,
              67.13642156630137
            ],
            [
              26.873148701508743,
              67.13647771278234
            ],
            [
              26.930808309212914,
              67.13651306435683
            ],
            [
              26.98846804649628,
              67.13652762090693
            ],
            [
              27.046127805376234,
              67.13652138238406
            ],
            [
              27.103787477869933,
              67.13649434880907
            ],
            [
              27.16144695599551,
              67.13644652027207
            ],
            [
              27.219106131773355,
              67.13637789693273
            ],
            [
              27.21930950941899,
              67.15880342355855
            ],
            [
              27.21951329859516,
              67.18122888645807
            ],
            [
              27.21971750051247,
              67.20365428567908
            ],
            [
              27.219922116386307,
              67.22607962126949
            ],
            [
              27.220127147436827,
              67.24850489327717
            ],
            [
              27.220332594889022,
              67.27093010175007
            ],
            [
              27.220538459972705,
              67.2933552467362
            ],
            [
              27.220744743922555,
              67.3157803282835
            ],
            [
              27.220951447978145,
              67.33820534644008
            ],
            [
              27.22115857338395,
              67.36063030125399
            ],
            [
              27.22136612138937,
              67.38305519277334
            ],
            [
              27.221574093248783,
              67.40548002104629
            ],
            [
              27.22178249022153,
              67.42790478612099
            ],
            [
              27.221991313571973,
              67.4503294880457
            ],
            [
              27.222200564569505,
              67.47275412686862
            ],
            [
              27.222410244488568,
              67.49517870263809
            ],
            [
              27.222620354608694,
              67.51760321540236
            ],
            [
              27.222830896214525,
              67.54002766520983
            ],
            [
              27.22304187059583,
              67.56245205210891
            ],
            [
              27.22325327904754,
              67.5848763761479
            ],
            [
              27.16450276902467,
              67.58494652306771
            ],
            [
              27.10575193819888,
              67.58499541350271
            ],
            [
              27.04700090114075,
              67.58502304728405
            ],
            [
              26.988249772423323,
              67.58502942431639
            ],
            [
              26.929498666620756,
              67.58501454457769
            ],
            [
              26.870747698306904,
              67.58497840811934
            ],
            [
              26.811996982053994,
              67.58492101506604
            ],
            [
              26.753246632431235,
              67.58484236561601
            ],
            [
              26.694496764003443,
              67.5847424600407
            ],
            [
              26.635747491329674,
              67.58462129868502
            ],
            [
              26.576998928961864,
              67.58447888196724
            ],
            [
              26.518251191443433,
              67.58431521037897
            ],
            [
              26.459504393307935,
              67.58413028448523
            ],
            [
              26.400758649077694,
              67.58392410492431
            ],
            [
              26.3420140732624,
              67.58369667240791
            ],
            [
              26.28327078035779,
              67.58344798772104
            ],
            [
              26.22452888484422,
              67.58317805172199
            ],
            [
              26.16578850118535,
              67.58288686534243
            ],
            [
              26.107049743826746,
              67.58257442958725
            ],
            [
              26.048312727194517,
              67.58224074553465
            ],
            [
              26.049213765762936,
              67.5598193348975
            ],
            [
              26.05011295473402,
              67.53739785588763
            ],
            [
              26.051010299623716,
              67.51497630847315
            ],
            [
              26.051905805926015,
              67.49255469262216
            ],
            [
              26.05279947911304,
              67.4701330083027
            ],
            [
              26.053691324635174,
              67.44771125548274
            ],
            [
              26.054581347921143,
              67.42528943413032
            ],
            [
              26.055469554378146,
              67.40286754421338
            ],
            [
              26.056355949391964,
              67.38044558569979
            ],
            [
              26.057240538327033,
              67.3580235585575
            ],
            [
              26.058123326526594,
              67.33560146275433
            ],
            [
              26.059004319312766,
              67.31317929825813
            ],
            [
              26.05988352198666,
              67.29075706503673
            ],
            [
              26.060760939828487,
              67.26833476305785
            ],
            [
              26.061636578097648,
              67.24591239228928
            ],
            [
              26.062510442032853,
              67.22348995269874
            ],
            [
              26.06338253685221,
              67.20106744425388
            ],
            [
              26.06425286775333,
              67.17864486692243
            ],
            [
              26.06512143991343,
              67.15622222067199
            ],
            [
              26.065988258489426,
              67.13379950547018
            ]
          ]
        ]
      }
    },
    {
      "type": "Feature",
      "properties": {
        "id": "utqiagvik",
        "name": "Utqiagvik / Barrow",
        "center_lonlat": [
          -156.61,
          71.25
        ],
        "epsg": 32604,
        "width_km": 50,
        "wave": 1,
        "role": "Polar tundra, thaw and frozen soils, polar day and night; radiation reference candidate",
        "extent_m": [
          560700,
          7882000,
          610700,
          7932000
        ],
        "grid_shape": [
          500,
          500
        ],
        "pixels_before_mask": 250000,
        "resolved_center_lonlat": [
          -156.6106363561034,
          71.25025109405293
        ]
      },
      "geometry": {
        "type": "Polygon",
        "coordinates": [
          [
            [
              -157.32645342975886,
              71.03375593223593
            ],
            [
              -157.25756592387242,
              71.03312409762887
            ],
            [
              -157.18868319081255,
              71.03246679094562
            ],
            [
              -157.11980541866478,
              71.03178401523174
            ],
            [
              -157.0509327954319,
              71.03107577365034
            ],
            [
              -156.98206550903066,
              71.03034206948209
            ],
            [
              -156.91320374728895,
              71.02958290612504
            ],
            [
              -156.84434769794228,
              71.02879828709465
            ],
            [
              -156.7754975486312,
              71.02798821602367
            ],
            [
              -156.70665348689766,
              71.02715269666209
            ],
            [
              -156.63781570018227,
              71.02629173287701
            ],
            [
              -156.5689843758211,
              71.02540532865267
            ],
            [
              -156.50015970104246,
              71.02449348809026
            ],
            [
              -156.4313418629641,
              71.02355621540785
            ],
            [
              -156.36253104858986,
              71.02259351494038
            ],
            [
              -156.2937274448067,
              71.02160539113953
            ],
            [
              -156.22493123838166,
              71.02059184857362
            ],
            [
              -156.15614261595874,
              71.0195528919275
            ],
            [
              -156.08736176405577,
              71.01848852600247
            ],
            [
              -156.01858886906163,
              71.01739875571623
            ],
            [
              -155.94982411723282,
              71.01628358610274
            ],
            [
              -155.94635525115467,
              71.03866726432254
            ],
            [
              -155.94287802631203,
              71.06105081587437
            ],
            [
              -155.93939241311102,
              71.08343424055627
            ],
            [
              -155.93589838181788,
              71.10581753816523
            ],
            [
              -155.93239590255808,
              71.1282007084969
            ],
            [
              -155.92888494531547,
              71.1505837513459
            ],
            [
              -155.9253654799315,
              71.17296666650553
            ],
            [
              -155.9218374761044,
              71.1953494537679
            ],
            [
              -155.9183009033883,
              71.21773211292394
            ],
            [
              -155.91475573119226,
              71.24011464376333
            ],
            [
              -155.91120192877958,
              71.26249704607451
            ],
            [
              -155.90763946526687,
              71.28487931964467
            ],
            [
              -155.9040683096231,
              71.30726146425978
            ],
            [
              -155.90048843066884,
              71.3296434797045
            ],
            [
              -155.89689979707532,
              71.35202536576233
            ],
            [
              -155.89330237736345,
              71.37440712221537
            ],
            [
              -155.88969613990307,
              71.39678874884456
            ],
            [
              -155.88608105291198,
              71.41917024542943
            ],
            [
              -155.88245708445496,
              71.44155161174831
            ],
            [
              -155.87882420244298,
              71.46393284757822
            ],
            [
              -155.94918355759208,
              71.46507692877826
            ],
            [
              -156.01955165872135,
              71.46619495544267
            ],
            [
              -156.0899283058858,
              71.46728692218035
            ],
            [
              -156.1603132989914,
              71.46835282372453
            ],
            [
              -156.23070643779883,
              71.46939265493309
            ],
            [
              -156.30110752192667,
              71.47040641078847
            ],
            [
              -156.37151635085482,
              71.47139408639794
            ],
            [
              -156.4419327239283,
              71.47235567699362
            ],
            [
              -156.5123564403602,
              71.47329117793258
            ],
            [
              -156.5827872992356,
              71.47420058469697
            ],
            [
              -156.6532250995147,
              71.47508389289415
            ],
            [
              -156.72366964003658,
              71.47594109825664
            ],
            [
              -156.79412071952237,
              71.4767721966424
            ],
            [
              -156.86457813657907,
              71.47757718403481
            ],
            [
              -156.93504168970276,
              71.47835605654271
            ],
            [
              -157.00551117728222,
              71.4791088104006
            ],
            [
              -157.0759863976024,
              71.47983544196869
            ],
            [
              -157.14646714884807,
              71.48053594773286
            ],
            [
              -157.216953229107,
              71.48121032430494
            ],
            [
              -157.28744443637373,
              71.48185856842258
            ],
            [
              -157.28944051438108,
              71.4594541631749
            ],
            [
              -157.2914316852601,
              71.43704968128422
            ],
            [
              -157.29341796672372,
              71.41464512277925
            ],
            [
              -157.29539937639964,
              71.39224048768827
            ],
            [
              -157.29737593183086,
              71.36983577603925
            ],
            [
              -157.29934765047614,
              71.34743098785974
            ],
            [
              -157.3013145497106,
              71.325026123177
            ],
            [
              -157.3032766468261,
              71.30262118201783
            ],
            [
              -157.30523395903188,
              71.28021616440876
            ],
            [
              -157.30718650345486,
              71.25781107037588
            ],
            [
              -157.30913429714033,
              71.235405899945
            ],
            [
              -157.3110773570523,
              71.21300065314149
            ],
            [
              -157.31301570007412,
              71.1905953299905
            ],
            [
              -157.3149493430087,
              71.16818993051669
            ],
            [
              -157.3168783025793,
              71.14578445474444
            ],
            [
              -157.31880259542982,
              71.1233789026978
            ],
            [
              -157.32072223812526,
              71.10097327440045
            ],
            [
              -157.32263724715236,
              71.07856756987573
            ],
            [
              -157.3245476389198,
              71.05616178914667
            ],
            [
              -157.32645342975886,
              71.03375593223593
            ]
          ]
        ]
      }
    },
    {
      "type": "Feature",
      "properties": {
        "id": "singapore_johor",
        "name": "Singapore and southern Johor",
        "center_lonlat": [
          103.83,
          1.39
        ],
        "epsg": 32648,
        "width_km": 50,
        "wave": 2,
        "role": "Wet equatorial urban/forest contrast; frequent cloud; reference access unverified",
        "extent_m": [
          344800,
          128700,
          394800,
          178700
        ],
        "grid_shape": [
          500,
          500
        ],
        "pixels_before_mask": 250000,
        "resolved_center_lonlat": [
          103.8296650736977,
          1.3902774510542286
        ]
      },
      "geometry": {
        "type": "Polygon",
        "coordinates": [
          [
            [
              103.60510944356588,
              1.1640403846090632
            ],
            [
              103.62757432229682,
              1.1640514799404698
            ],
            [
              103.65003941356413,
              1.1640623952654396
            ],
            [
              103.67250471389146,
              1.1640731305755738
            ],
            [
              103.69497021980223,
              1.1640836858626118
            ],
            [
              103.71743592781975,
              1.164094061118432
            ],
            [
              103.73990183446718,
              1.1641042563350497
            ],
            [
              103.76236793626747,
              1.1641142715046195
            ],
            [
              103.78483422974347,
              1.164124106619435
            ],
            [
              103.80730071141788,
              1.164133761671927
            ],
            [
              103.82976737781321,
              1.164143236654665
            ],
            [
              103.85223422545191,
              1.1641525315603571
            ],
            [
              103.87470125085619,
              1.16416164638185
            ],
            [
              103.89716845054821,
              1.1641705811121295
            ],
            [
              103.91963582104995,
              1.1641793357443178
            ],
            [
              103.94210335888326,
              1.1641879102716781
            ],
            [
              103.96457106056988,
              1.1641963046876098
            ],
            [
              103.98703892263141,
              1.164204518985653
            ],
            [
              104.00950694158932,
              1.1642125531594845
            ],
            [
              104.03197511396498,
              1.1642204072029205
            ],
            [
              104.05444343627963,
              1.164228081109916
            ],
            [
              104.05443582840464,
              1.1868431690086947
            ],
            [
              104.05442807406368,
              1.2094582531453903
            ],
            [
              104.05442017325075,
              1.2320733334483571
            ],
            [
              104.05441212595979,
              1.254688409845954
            ],
            [
              104.05440393218457,
              1.2773034822665417
            ],
            [
              104.05439559191882,
              1.2999185506384816
            ],
            [
              104.05438710515611,
              1.3225336148901397
            ],
            [
              104.05437847188989,
              1.3451486749498838
            ],
            [
              104.05436969211353,
              1.367763730746084
            ],
            [
              104.05436076582025,
              1.3903787822071136
            ],
            [
              104.05435169300318,
              1.412993829261348
            ],
            [
              104.05434247365534,
              1.4356088718371658
            ],
            [
              104.05433310776962,
              1.4582239098629473
            ],
            [
              104.05432359533881,
              1.480838943267077
            ],
            [
              104.05431393635561,
              1.5034539719779414
            ],
            [
              104.05430413081255,
              1.5260689959239306
            ],
            [
              104.05429417870208,
              1.5486840150334367
            ],
            [
              104.05428408001656,
              1.5712990292348552
            ],
            [
              104.05427383474819,
              1.5939140384565844
            ],
            [
              104.05426344288907,
              1.6165290426270267
            ],
            [
              104.03179084517951,
              1.6165183861114363
            ],
            [
              104.00931839755087,
              1.6165074794460093
            ],
            [
              103.98684610348515,
              1.616496322639142
            ],
            [
              103.96437396646431,
              1.616484915699424
            ],
            [
              103.94190198997015,
              1.6164732586356374
            ],
            [
              103.91943017748434,
              1.6164613514567552
            ],
            [
              103.89695853248848,
              1.616449194171945
            ],
            [
              103.87448705846397,
              1.6164367867905656
            ],
            [
              103.85201575889211,
              1.6164241293221677
            ],
            [
              103.82954463725407,
              1.6164112217764957
            ],
            [
              103.80707369703089,
              1.6163980641634847
            ],
            [
              103.78460294170343,
              1.6163846564932636
            ],
            [
              103.76213237475244,
              1.6163709987761525
            ],
            [
              103.73966199965854,
              1.6163570910226648
            ],
            [
              103.71719181990215,
              1.6163429332435046
            ],
            [
              103.6947218389636,
              1.6163285254495696
            ],
            [
              103.67225206032302,
              1.616313867651949
            ],
            [
              103.64978248746039,
              1.616298959861925
            ],
            [
              103.62731312385557,
              1.6162838020909713
            ],
            [
              103.6048439729882,
              1.6162683943507528
            ],
            [
              103.6048592998437,
              1.5936570384303061
            ],
            [
              103.60487441049396,
              1.5710456773824804
            ],
            [
              103.60488930495069,
              1.548434311279956
            ],
            [
              103.6049039832253,
              1.525822940195416
            ],
            [
              103.60491844532915,
              1.503211564201548
            ],
            [
              103.60493269127329,
              1.4806001833710392
            ],
            [
              103.60494672106877,
              1.4579887977765824
            ],
            [
              103.60496053472636,
              1.4353774074908716
            ],
            [
              103.60497413225669,
              1.4127660125866053
            ],
            [
              103.60498751367022,
              1.3901546131364826
            ],
            [
              103.60500067897726,
              1.367543209213207
            ],
            [
              103.60501362818795,
              1.344931800889484
            ],
            [
              103.60502636131226,
              1.3223203882380212
            ],
            [
              103.60503887835998,
              1.2997089713315289
            ],
            [
              103.60505117934075,
              1.2770975502427206
            ],
            [
              103.60506326426403,
              1.254486125044312
            ],
            [
              103.60507513313914,
              1.2318746958090203
            ],
            [
              103.6050867859752,
              1.2092632626095665
            ],
            [
              103.60509822278118,
              1.1866518255186722
            ],
            [
              103.60510944356588,
              1.1640403846090632
            ]
          ]
        ]
      }
    },
    {
      "type": "Feature",
      "properties": {
        "id": "manaus_zf2",
        "name": "Manaus-ZF2 rainforest",
        "center_lonlat": [
          -60.21,
          -2.61
        ],
        "epsg": 32720,
        "width_km": 50,
        "wave": 2,
        "role": "Wet tropical closed forest; AmeriFlux candidate; this box targets the forest site, not the city centre",
        "extent_m": [
          785300,
          9686200,
          835300,
          9736200
        ],
        "grid_shape": [
          500,
          500
        ],
        "pixels_before_mask": 250000,
        "resolved_center_lonlat": [
          -60.20964293197983,
          -2.609731546976512
        ]
      },
      "geometry": {
        "type": "Polygon",
        "coordinates": [
          [
            [
              -60.43381752899649,
              -2.8361621917263506
            ],
            [
              -60.41134620036733,
              -2.836111865434214
            ],
            [
              -60.388875273841634,
              -2.836061101571821
            ],
            [
              -60.366404752900195,
              -2.8360099001782104
            ],
            [
              -60.343934641023466,
              -2.835958261292752
            ],
            [
              -60.32146494169158,
              -2.8359061849551517
            ],
            [
              -60.298995658384406,
              -2.835853671205452
            ],
            [
              -60.27652679458142,
              -2.835800720084025
            ],
            [
              -60.25405835376182,
              -2.835747331631584
            ],
            [
              -60.23159033940444,
              -2.8356935058891706
            ],
            [
              -60.20912275498782,
              -2.8356392428981634
            ],
            [
              -60.18665560399013,
              -2.8355845427002753
            ],
            [
              -60.164188889889246,
              -2.835529405337553
            ],
            [
              -60.14172261616267,
              -2.835473830852377
            ],
            [
              -60.11925678628759,
              -2.835417819287463
            ],
            [
              -60.096791403740816,
              -2.8353613706858583
            ],
            [
              -60.074326471998866,
              -2.835304485090947
            ],
            [
              -60.05186199453786,
              -2.835247162546443
            ],
            [
              -60.02939797483356,
              -2.835189403096398
            ],
            [
              -60.00693441636143,
              -2.835131206785195
            ],
            [
              -59.98447132259653,
              -2.8350725736575506
            ],
            [
              -59.984529618654946,
              -2.812486368689509
            ],
            [
              -59.98458744657623,
              -2.7899001537605437
            ],
            [
              -59.984644806404845,
              -2.76731392895048
            ],
            [
              -59.98470169818494,
              -2.7447276943391477
            ],
            [
              -59.98475812196028,
              -2.722141450006379
            ],
            [
              -59.98481407777428,
              -2.6995551960320125
            ],
            [
              -59.98486956566997,
              -2.6769689324958876
            ],
            [
              -59.98492458569005,
              -2.654382659477851
            ],
            [
              -59.984979137876834,
              -2.631796377057751
            ],
            [
              -59.98503322227227,
              -2.6092100853154414
            ],
            [
              -59.985086838917994,
              -2.5866237843307776
            ],
            [
              -59.985139987855206,
              -2.5640374741836203
            ],
            [
              -59.98519266912479,
              -2.541451154953836
            ],
            [
              -59.98524488276728,
              -2.5188648267212908
            ],
            [
              -59.98529662882281,
              -2.4962784895658587
            ],
            [
              -59.98534790733117,
              -2.4736921435674137
            ],
            [
              -59.9853987183318,
              -2.4511057888058354
            ],
            [
              -59.985449061863775,
              -2.4285194253610065
            ],
            [
              -59.98549893796579,
              -2.405933053312814
            ],
            [
              -59.9855483466762,
              -2.383346672741149
            ],
            [
              -60.008003446844484,
              -2.383395952231957
            ],
            [
              -60.03045901089773,
              -2.3834448645901642
            ],
            [
              -60.052915035366944,
              -2.383493409778205
            ],
            [
              -60.075371516782845,
              -2.383541587758789
            ],
            [
              -60.09782845167574,
              -2.3835893984949097
            ],
            [
              -60.1202858365756,
              -2.3836368419498415
            ],
            [
              -60.14274366801206,
              -2.3836839180871365
            ],
            [
              -60.16520194251441,
              -2.383730626870629
            ],
            [
              -60.18766065661159,
              -2.383776968264432
            ],
            [
              -60.2101198068322,
              -2.3838229422329427
            ],
            [
              -60.23257938970451,
              -2.383868548740836
            ],
            [
              -60.255039401756456,
              -2.383913787753068
            ],
            [
              -60.27749983951563,
              -2.3839586592348754
            ],
            [
              -60.2999606995093,
              -2.384003163151777
            ],
            [
              -60.32242197826443,
              -2.3840472994695707
            ],
            [
              -60.34488367230763,
              -2.3840910681543375
            ],
            [
              -60.36734577816519,
              -2.3841344691724387
            ],
            [
              -60.389808292363114,
              -2.3841775024905147
            ],
            [
              -60.41227121142706,
              -2.38422016807549
            ],
            [
              -60.43473453188238,
              -2.384262465894569
            ],
            [
              -60.434692464189474,
              -2.4068575349697308
            ],
            [
              -60.43464999854772,
              -2.4294525957946065
            ],
            [
              -60.43460713492444,
              -2.4520476482918836
            ],
            [
              -60.43456387328665,
              -2.4746426923842524
            ],
            [
              -60.43452021360105,
              -2.4972377279944085
            ],
            [
              -60.43447615583402,
              -2.5198327550450506
            ],
            [
              -60.43443169995167,
              -2.5424277734588823
            ],
            [
              -60.43438684591978,
              -2.5650227831586094
            ],
            [
              -60.43434159370382,
              -2.587617784066945
            ],
            [
              -60.43429594326895,
              -2.6102127761066027
            ],
            [
              -60.434249894580034,
              -2.632807759200303
            ],
            [
              -60.43420344760162,
              -2.6554027332707704
            ],
            [
              -60.43415660229795,
              -2.6779976982407305
            ],
            [
              -60.43410935863295,
              -2.700592654032918
            ],
            [
              -60.43406171657025,
              -2.723187600570068
            ],
            [
              -60.434013676073164,
              -2.7457825377749225
            ],
            [
              -60.4339652371047,
              -2.768377465570225
            ],
            [
              -60.43391639962757,
              -2.790972383878728
            ],
            [
              -60.433867163604134,
              -2.813567292623184
            ],
            [
              -60.43381752899649,
              -2.8361621917263506
            ]
          ]
        ]
      }
    },
    {
      "type": "Feature",
      "properties": {
        "id": "cape_town",
        "name": "Cape Town and Stellenbosch fringe",
        "center_lonlat": [
          18.67,
          -33.96
        ],
        "epsg": 32734,
        "width_km": 50,
        "wave": 2,
        "role": "Mediterranean seasons in the southern hemisphere; farming, fynbos, urban and relief",
        "extent_m": [
          259700,
          6214800,
          309700,
          6264800
        ],
        "grid_shape": [
          500,
          500
        ],
        "pixels_before_mask": 250000,
        "resolved_center_lonlat": [
          18.669924181899805,
          -33.96029554985266
        ]
      },
      "geometry": {
        "type": "Polygon",
        "coordinates": [
          [
            [
              18.39269947411238,
              -34.18011519552033
            ],
            [
              18.419800638791486,
              -34.180688416935254
            ],
            [
              18.446902565313206,
              -34.18125566113046
            ],
            [
              18.474005245711894,
              -34.18181692755282
            ],
            [
              18.501108672020536,
              -34.182372215654986
            ],
            [
              18.528212836270743,
              -34.182921524895406
            ],
            [
              18.55531773049279,
              -34.183464854738354
            ],
            [
              18.582423346715597,
              -34.1840022046539
            ],
            [
              18.60952967696678,
              -34.18453357411789
            ],
            [
              18.63663671327263,
              -34.18505896261203
            ],
            [
              18.663744447658157,
              -34.18557836962379
            ],
            [
              18.69085287214709,
              -34.186091794646465
            ],
            [
              18.717961978761892,
              -34.18659923717918
            ],
            [
              18.745071759523782,
              -34.187100696726816
            ],
            [
              18.77218220645274,
              -34.18759617280014
            ],
            [
              18.799293311567517,
              -34.18808566491569
            ],
            [
              18.826405066885673,
              -34.188569172595834
            ],
            [
              18.85351746442357,
              -34.18904669536875
            ],
            [
              18.8806304961964,
              -34.18951823276843
            ],
            [
              18.90774415421817,
              -34.18998378433471
            ],
            [
              18.93485843050177,
              -34.190443349613226
            ],
            [
              18.93540755775023,
              -34.16791139381852
            ],
            [
              18.93595607537865,
              -34.145379347401025
            ],
            [
              18.936503984039618,
              -34.12284721039679
            ],
            [
              18.937051284384612,
              -34.100314982842015
            ],
            [
              18.937597977064,
              -34.077782664772876
            ],
            [
              18.938144062727034,
              -34.0552502562256
            ],
            [
              18.938689542021866,
              -34.03271775723642
            ],
            [
              18.939234415595532,
              -34.01018516784167
            ],
            [
              18.939778684093977,
              -33.98765248807767
            ],
            [
              18.940322348162034,
              -33.9651197179808
            ],
            [
              18.940865408443443,
              -33.94258685758744
            ],
            [
              18.941407865580853,
              -33.92005390693406
            ],
            [
              18.9419497202158,
              -33.897520866057114
            ],
            [
              18.94249097298874,
              -33.8749877349931
            ],
            [
              18.94303162453904,
              -33.8524545137786
            ],
            [
              18.94357167550497,
              -33.8299212024502
            ],
            [
              18.94411112652372,
              -33.807387801044506
            ],
            [
              18.944649978231393,
              -33.78485430959817
            ],
            [
              18.945188231263007,
              -33.76232072814789
            ],
            [
              18.945725886252514,
              -33.73978705673041
            ],
            [
              18.918754044089756,
              -33.73933518245375
            ],
            [
              18.891782807156428,
              -33.73887742199019
            ],
            [
              18.864812183271813,
              -33.73841377578328
            ],
            [
              18.83784218025407,
              -33.7379442442823
            ],
            [
              18.810872805920262,
              -33.73746882794218
            ],
            [
              18.7839040680863,
              -33.73698752722355
            ],
            [
              18.75693597456696,
              -33.73650034259269
            ],
            [
              18.72996853317586,
              -33.736007274521604
            ],
            [
              18.703001751725434,
              -33.73550832348793
            ],
            [
              18.67603563802694,
              -33.735003489975
            ],
            [
              18.649070199890424,
              -33.73449277447184
            ],
            [
              18.62210544512472,
              -33.733976177473124
            ],
            [
              18.595141381537438,
              -33.73345369947919
            ],
            [
              18.56817801693494,
              -33.73292534099608
            ],
            [
              18.54121535912232,
              -33.73239110253548
            ],
            [
              18.514253415903422,
              -33.731850984614766
            ],
            [
              18.487292195080784,
              -33.73130498775695
            ],
            [
              18.460331704455662,
              -33.73075311249074
            ],
            [
              18.433371951827983,
              -33.73019535935048
            ],
            [
              18.406412944996354,
              -33.729631728876214
            ],
            [
              18.405734484042075,
              -33.75215680124153
            ],
            [
              18.405055268696625,
              -33.77468177922817
            ],
            [
              18.404375298161014,
              -33.79720666279331
            ],
            [
              18.403694571634897,
              -33.819731451894114
            ],
            [
              18.403013088316566,
              -33.8422561464878
            ],
            [
              18.402330847402947,
              -33.864780746531586
            ],
            [
              18.401647848089592,
              -33.88730525198275
            ],
            [
              18.400964089570696,
              -33.909829662798565
            ],
            [
              18.400279571039064,
              -33.93235397893635
            ],
            [
              18.39959429168614,
              -33.95487820035344
            ],
            [
              18.398908250701975,
              -33.97740232700721
            ],
            [
              18.398221447275247,
              -33.99992635885506
            ],
            [
              18.397533880593258,
              -34.02245029585439
            ],
            [
              18.3968455498419,
              -34.04497413796267
            ],
            [
              18.396156454205695,
              -34.06749788513735
            ],
            [
              18.39546659286776,
              -34.09002153733594
            ],
            [
              18.394775965009835,
              -34.112545094515966
            ],
            [
              18.39408456981224,
              -34.13506855663498
            ],
            [
              18.393392406453913,
              -34.15759192365056
            ],
            [
              18.39269947411238,
              -34.18011519552033
            ]
          ]
        ]
      }
    },
    {
      "type": "Feature",
      "properties": {
        "id": "lhasa",
        "name": "Lhasa valley and adjacent high terrain",
        "center_lonlat": [
          91.12,
          29.65
        ],
        "epsg": 32646,
        "width_km": 50,
        "wave": 2,
        "role": "High plateau and valley stress test; strong radiation; independent reference access unresolved",
        "extent_m": [
          293000,
          3256500,
          343000,
          3306500
        ],
        "grid_shape": [
          500,
          500
        ],
        "pixels_before_mask": 250000,
        "resolved_center_lonlat": [
          91.11970072408307,
          29.650169162081692
        ]
      },
      "geometry": {
        "type": "Polygon",
        "coordinates": [
          [
            [
              90.86629898991659,
              29.42078190394343
            ],
            [
              90.89205375980686,
              29.421192078728804
            ],
            [
              90.9178090603002,
              29.42159727969457
            ],
            [
              90.94356488493182,
              29.421997506471524
            ],
            [
              90.96932122723604,
              29.422392758694947
            ],
            [
              90.99507808074645,
              29.422783036004656
            ],
            [
              91.02083543899582,
              29.42316833804497
            ],
            [
              91.04659329551619,
              29.42354866446474
            ],
            [
              91.07235164383879,
              29.42392401491734
            ],
            [
              91.0981104774941,
              29.424294389060663
            ],
            [
              91.12386979001194,
              29.424659786557122
            ],
            [
              91.14962957492126,
              29.42502020707365
            ],
            [
              91.17538982575041,
              29.42537565028171
            ],
            [
              91.20115053602697,
              29.42572611585732
            ],
            [
              91.22691169927784,
              29.426071603480953
            ],
            [
              91.25267330902918,
              29.42641211283767
            ],
            [
              91.27843535880652,
              29.426747643617027
            ],
            [
              91.3041978421347,
              29.427078195513147
            ],
            [
              91.32996075253789,
              29.427403768224643
            ],
            [
              91.35572408353963,
              29.427724361454654
            ],
            [
              91.38148782866278,
              29.4280399749109
            ],
            [
              91.38112994366514,
              29.45059437560101
            ],
            [
              91.38077165064418,
              29.473148695858672
            ],
            [
              91.38041294921963,
              29.495702935642555
            ],
            [
              91.38005383901067,
              29.51825709491139
            ],
            [
              91.37969431963586,
              29.540811173623926
            ],
            [
              91.3793343907131,
              29.563365171738997
            ],
            [
              91.37897405185963,
              29.5859190892154
            ],
            [
              91.3786133026921,
              29.60847292601205
            ],
            [
              91.37825214282655,
              29.631026682087864
            ],
            [
              91.37789057187837,
              29.653580357401818
            ],
            [
              91.37752858946227,
              29.67613395191292
            ],
            [
              91.37716619519239,
              29.69868746558019
            ],
            [
              91.37680338868219,
              29.721240898362755
            ],
            [
              91.37644016954451,
              29.743794250219718
            ],
            [
              91.37607653739158,
              29.766347521110266
            ],
            [
              91.37571249183492,
              29.788900710993605
            ],
            [
              91.37534803248548,
              29.811453819828976
            ],
            [
              91.37498315895353,
              29.8340068475757
            ],
            [
              91.37461787084868,
              29.856559794193085
            ],
            [
              91.37425216777999,
              29.879112659640526
            ],
            [
              91.34837337056028,
              29.87879124303953
            ],
            [
              91.32249499529607,
              29.878464755139454
            ],
            [
              91.29661704858678,
              29.878133196239723
            ],
            [
              91.27073953703116,
              29.877796566644417
            ],
            [
              91.24486246722726,
              29.877454866662248
            ],
            [
              91.21898584577248,
              29.87710809660657
            ],
            [
              91.19310967926351,
              29.876756256795385
            ],
            [
              91.16723397429632,
              29.8763993475513
            ],
            [
              91.14135873746619,
              29.876037369201608
            ],
            [
              91.11548397536762,
              29.87567032207818
            ],
            [
              91.08960969459443,
              29.875298206517577
            ],
            [
              91.06373590173966,
              29.874921022860967
            ],
            [
              91.03786260339561,
              29.87453877145415
            ],
            [
              91.01198980615378,
              29.874151452647567
            ],
            [
              90.9861175166049,
              29.873759066796282
            ],
            [
              90.96024574133897,
              29.87336161426001
            ],
            [
              90.93437448694509,
              29.872959095403072
            ],
            [
              90.90850376001161,
              29.872551510594427
            ],
            [
              90.88263356712608,
              29.872138860207674
            ],
            [
              90.85676391487516,
              29.87172114462102
            ],
            [
              90.85724583318508,
              29.849174979077105
            ],
            [
              90.85772720479001,
              29.82662872942329
            ],
            [
              90.85820803020476,
              29.804082395704214
            ],
            [
              90.85868830994332,
              29.78153597796458
            ],
            [
              90.85916804451875,
              29.75898947624913
            ],
            [
              90.85964723444333,
              29.736442890602603
            ],
            [
              90.86012588022848,
              29.71389622106983
            ],
            [
              90.86060398238476,
              29.69134946769562
            ],
            [
              90.86108154142191,
              29.668802630524866
            ],
            [
              90.86155855784884,
              29.646255709602475
            ],
            [
              90.86203503217361,
              29.62370870497338
            ],
            [
              90.86251096490342,
              29.601161616682564
            ],
            [
              90.8629863565447,
              29.57861444477506
            ],
            [
              90.86346120760297,
              29.55606718929589
            ],
            [
              90.86393551858299,
              29.533519850290133
            ],
            [
              90.86440928998864,
              29.510972427802965
            ],
            [
              90.86488252232299,
              29.48842492187949
            ],
            [
              90.86535521608829,
              29.46587733256492
            ],
            [
              90.86582737178597,
              29.443329659904478
            ],
            [
              90.86629898991659,
              29.42078190394343
            ]
          ]
        ]
      }
    }
  ]
}
